Coin,Price,Change_1h,Change_24h,Chnage_7days,Volume_24h,Market_cap
Bitcoin,"$23,431.70",-0.3%,0.1%,-2.2%,n/a,"$448,074,185,481"
Ethereum,"$1,863.71",0.0%,1.9%,0.6%,n/a,"$223,679,402,635"
Tether,$0.999771,-0.1%,-0.2%,-0.1%,n/a,"$67,699,626,298"
USD Coin,$0.999027,-0.2%,-0.2%,-0.1%,n/a,"$53,189,335,903"
BNB,$305.66,-1.0%,-0.5%,-6.7%,n/a,"$49,962,467,231"
XRP,$0.376670,0.1%,1.0%,-1.4%,n/a,"$18,599,835,060"
Binance USD,$0.998865,-0.1%,-0.2%,-0.2%,n/a,"$18,276,429,176"
Cardano,$0.537797,0.0%,0.3%,0.0%,n/a,"$18,187,587,486"
Solana,$40.96,-0.5%,-0.6%,-3.2%,n/a,"$14,259,470,293"
Dogecoin,$0.080884733945,-0.2%,-1.3%,13.4%,n/a,"$10,708,207,441"
Polkadot,$8.49,-0.1%,1.0%,-10.6%,n/a,"$9,682,942,246"
Shiba Inu,$0.000014713197,-0.3%,-7.2%,19.0%,n/a,"$8,683,060,528"
Lido Staked Ether,"$1,812.90",-0.0%,1.9%,1.6%,n/a,"$7,760,844,021"
Avalanche,$25.89,-0.6%,-1.1%,-11.1%,n/a,"$7,371,372,998"
Polygon,$0.899671,-0.1%,0.1%,-4.2%,n/a,"$6,690,746,602"
Dai,$1.00,-0.1%,0.1%,-0.0%,n/a,"$6,674,319,662"
TRON,$0.068205967274,0.0%,-0.9%,-3.2%,n/a,"$6,297,071,546"
Wrapped Bitcoin,"$23,425.06",-0.2%,0.1%,-2.1%,n/a,"$5,793,156,506"
Ethereum Classic,$41.31,-0.4%,4.8%,6.4%,n/a,"$5,607,781,550"
OKB,$20.90,-0.3%,2.5%,10.0%,n/a,"$5,352,225,091"
LEO Token,$5.31,0.1%,-0.5%,12.8%,n/a,"$4,963,895,469"
Litecoin,$60.97,-0.2%,1.4%,-1.0%,n/a,"$4,321,206,033"
FTX,$30.36,-0.1%,0.9%,-3.1%,n/a,"$4,083,867,712"
NEAR Protocol,$5.10,0.1%,0.7%,-13.3%,n/a,"$3,888,617,677"
Chainlink,$8.12,-0.2%,-0.1%,-10.3%,n/a,"$3,786,526,526"
Uniswap,$8.02,-0.9%,0.2%,-12.9%,n/a,"$3,660,365,264"
Cronos,$0.144211,-0.1%,-0.8%,-5.0%,n/a,"$3,639,834,449"
Cosmos Hub,$11.85,-0.0%,4.7%,-0.9%,n/a,"$3,467,995,134"
Stellar,$0.120493,-0.2%,-0.0%,-4.3%,n/a,"$3,043,122,589"
Monero,$165.52,-0.7%,2.9%,-1.3%,n/a,"$3,008,845,070"
Flow,$2.77,-0.2%,7.6%,-10.9%,n/a,"$2,882,874,043"
Bitcoin Cash,$134.36,-0.1%,0.5%,-5.5%,n/a,"$2,570,583,318"
Algorand,$0.346026,-0.0%,0.6%,-5.4%,n/a,"$2,380,694,855"
Filecoin,$8.21,0.4%,0.3%,-1.0%,n/a,"$2,157,052,108"
VeChain,$0.029624701977,-0.1%,0.3%,-9.7%,n/a,"$2,146,482,962"
ApeCoin,$6.31,-0.1%,4.9%,-11.1%,n/a,"$1,982,196,318"
Internet Computer,$7.40,-0.0%,-0.1%,-10.7%,n/a,"$1,887,319,490"
Chain,$0.082907917970,-0.2%,-1.9%,-7.5%,n/a,"$1,784,220,478"
Decentraland,$0.981989,-0.1%,-0.1%,-8.6%,n/a,"$1,776,636,968"
The Sandbox,$1.23,-0.4%,0.2%,-9.0%,n/a,"$1,711,295,762"
Hedera,$0.074390502716,-0.1%,-0.7%,-5.7%,n/a,"$1,684,283,935"
Tezos,$1.86,-0.2%,-1.1%,-0.5%,n/a,"$1,668,608,172"
Quant,$114.06,-1.6%,3.5%,-10.0%,n/a,"$1,533,088,590"
Axie Infinity,$17.06,-0.4%,-0.6%,-8.1%,n/a,"$1,530,472,979"
Frax,$0.998706,0.0%,-0.1%,-0.0%,n/a,"$1,445,046,473"
EOS,$1.44,-0.4%,-7.0%,12.0%,n/a,"$1,439,054,884"
Theta Network,$1.41,-0.3%,0.6%,-12.3%,n/a,"$1,410,120,608"
Aave,$99.55,-0.7%,-4.4%,-10.2%,n/a,"$1,390,293,410"
Lido DAO,$2.42,-1.8%,-3.6%,-10.5%,n/a,"$1,364,242,880"
Elrond,$58.11,-0.2%,-0.2%,-13.6%,n/a,"$1,326,440,766"
Celsius Network,$3.09,4.6%,17.4%,32.7%,n/a,"$1,306,889,850"
TrueUSD,$0.999318,-0.1%,-0.2%,-0.2%,n/a,"$1,212,213,689"
Chiliz,$0.217745,-0.2%,-1.0%,42.4%,n/a,"$1,162,057,040"
Bitcoin SV,$60.24,0.0%,-0.1%,-3.6%,n/a,"$1,152,963,860"
cUSDC,$0.022649512886,0.0%,-0.0%,-0.2%,n/a,"$1,020,480,463"
KuCoin,$10.30,-0.3%,1.5%,-4.4%,n/a,"$1,006,321,879"
Zcash,$75.57,-0.4%,3.9%,-3.8%,n/a,"$966,474,818"
Helium,$7.59,-0.1%,-1.2%,-13.3%,n/a,"$953,804,154"
The Graph,$0.123207,-0.0%,-0.9%,-16.0%,n/a,"$910,949,403"
BitTorrent,$0.000000976736,0.9%,1.7%,-3.8%,n/a,"$908,493,274"
Fantom,$0.357549,-0.2%,0.8%,-12.2%,n/a,"$907,863,527"
Huobi BTC,"$23,542.32",0.6%,0.6%,-1.8%,n/a,"$907,360,081"
cETH,$37.31,-0.7%,1.3%,0.3%,n/a,"$901,126,690"
IOTA,$0.321853,0.1%,-2.0%,-7.7%,n/a,"$892,758,513"
eCash,$0.000044345188,-0.1%,-0.6%,-5.2%,n/a,"$848,282,362"
Pax Dollar,$0.997894,-0.2%,-0.1%,-0.2%,n/a,"$842,467,577"
Klaytn,$0.279853,-0.1%,0.1%,-5.0%,n/a,"$836,857,783"
Maker,$927.03,-0.1%,-2.2%,-16.9%,n/a,"$835,038,668"
Synthetix Network,$3.53,-0.2%,0.1%,-16.0%,n/a,"$823,567,115"
cDAI,$0.022052229351,-0.0%,-0.2%,-0.2%,n/a,"$823,530,374"
NEO,$10.95,-0.1%,-0.6%,-6.2%,n/a,"$771,688,817"
THORChain,$2.55,-0.2%,0.1%,-12.9%,n/a,"$765,754,836"
USDD,$0.997925,-0.2%,-0.3%,-0.0%,n/a,"$743,114,143"
Gate,$4.86,-0.1%,0.7%,-1.4%,n/a,"$706,727,613"
Huobi,$4.59,-0.1%,-8.0%,4.1%,n/a,"$703,080,481"
Neutrino USD,$0.989270,0.2%,1.4%,-0.0%,n/a,"$685,160,127"
Arweave,$13.39,0.3%,-0.2%,-13.9%,n/a,"$670,815,317"
PancakeSwap,$3.99,-0.7%,-0.5%,-10.1%,n/a,"$657,192,075"
Zilliqa,$0.043526265372,-0.1%,0.4%,-4.3%,n/a,"$640,059,415"
Stacks,$0.465293,-0.0%,0.1%,-7.3%,n/a,"$617,948,288"
Basic Attention,$0.412554,-0.1%,-0.4%,-11.3%,n/a,"$616,759,432"
Enjin Coin,$0.653948,-0.0%,0.1%,-6.8%,n/a,"$611,070,764"
Amp,$0.007970186784,0.1%,-1.6%,-4.9%,n/a,"$605,225,071"
Radix,$0.060557475981,0.0%,-0.9%,-3.8%,n/a,"$603,062,788"
PAX Gold,"$1,759.63",-0.1%,-0.1%,-1.6%,n/a,"$597,856,899"
STEPN,$0.982062,-0.9%,-2.7%,0.0%,n/a,"$587,741,245"
BitDAO,$0.514086,0.1%,3.5%,-30.7%,n/a,"$584,642,992"
Dash,$53.69,-0.0%,3.0%,-1.5%,n/a,"$583,850,463"
Waves,$5.68,-0.3%,0.6%,-7.4%,n/a,"$568,030,296"
Tenset,$2.87,-2.2%,-2.7%,3.4%,n/a,"$559,330,244"
Evmos,$1.97,0.4%,6.8%,9.9%,n/a,"$541,253,967"
NEXO,$0.947314,-0.5%,0.1%,7.4%,n/a,"$530,385,644"
Kava,$2.11,1.0%,1.5%,-9.0%,n/a,"$529,472,111"
Loopring,$0.423843,-0.0%,-2.8%,-8.8%,n/a,"$528,136,486"
Osmosis,$1.22,0.1%,3.7%,3.6%,n/a,"$526,683,373"
Bitcoin Gold,$29.13,-0.5%,1.2%,-2.9%,n/a,"$510,069,467"
DeFiChain,$0.883237,-0.0%,-0.3%,-7.1%,n/a,"$504,330,439"
Kusama,$55.27,-0.1%,0.9%,-12.1%,n/a,"$495,113,137"
Gala,$0.062799884678,0.1%,-2.7%,-1.1%,n/a,"$472,799,486"
Curve DAO,$1.20,-0.1%,-1.1%,-13.5%,n/a,"$469,186,971"
Mina Protocol,$0.785413,-0.2%,-2.1%,-19.3%,n/a,"$461,985,130"
XDC Network,$0.033354051735,0.3%,-1.6%,-2.0%,n/a,"$459,598,631"
Celo,$1.01,-0.3%,-0.2%,-11.6%,n/a,"$458,955,886"
ECOMI,$0.001648065076,-0.7%,-0.9%,-1.0%,n/a,"$458,604,910"
Gnosis,$177.08,-0.0%,0.8%,-1.3%,n/a,"$455,387,495"
NEM,$0.050598927041,-0.1%,-0.2%,-3.4%,n/a,"$454,222,890"
Tokenize Xchange,$5.70,0.1%,-0.5%,-4.8%,n/a,"$453,756,109"
Decred,$31.65,-0.8%,-2.4%,-12.2%,n/a,"$451,312,212"
1inch,$0.774203,-0.1%,-1.0%,-12.3%,n/a,"$449,705,890"
Rocket Pool,$27.71,0.3%,2.3%,-6.1%,n/a,"$447,738,944"
Holo,$0.002523512728,0.6%,-0.8%,-3.0%,n/a,"$447,233,795"
Trust Wallet,$1.05,-1.0%,-3.0%,-9.1%,n/a,"$438,789,259"
Frax Share,$5.94,-0.3%,-0.4%,-15.3%,n/a,"$425,420,769"
Tether Gold,"$1,712.87",-0.1%,0.0%,-0.1%,n/a,"$422,592,642"
Oasis Network,$0.083825310928,-1.1%,-3.0%,-19.5%,n/a,"$420,601,666"
Qtum,$4.03,-0.1%,1.1%,-3.8%,n/a,"$419,196,015"
Nexus Mutual,$59.87,-0.0%,2.0%,9.3%,n/a,"$406,190,810"
Compound,$59.13,-0.3%,-0.0%,-10.3%,n/a,"$405,391,753"
Theta Fuel,$0.068953697023,-0.1%,0.4%,3.8%,n/a,"$400,445,549"
Ravencoin,$0.034618420379,-0.1%,-0.5%,-6.6%,n/a,"$399,601,500"
Convex Finance,$5.88,-0.2%,-0.9%,-23.1%,n/a,"$391,923,355"
Ethereum Name Service,$14.83,0.7%,-1.0%,-7.9%,n/a,"$382,354,991"
Serum,$1.00,-0.3%,0.2%,-2.0%,n/a,"$373,447,329"
Ankr,$0.045853358461,-0.2%,-4.8%,29.2%,n/a,"$373,242,512"
JUNO,$6.17,0.2%,4.6%,3.2%,n/a,"$353,325,955"
yearn.finance,"$11,043.05",-0.2%,-0.1%,-3.5%,n/a,"$347,975,784"
IOST,$0.014912198071,0.2%,-0.5%,-6.0%,n/a,"$347,593,757"
Maiar DEX,$0.000060803958,0.1%,-0.1%,-14.0%,n/a,"$347,120,321"
Harmony,$0.027563232280,0.0%,-1.0%,-0.4%,n/a,"$338,625,183"
OKC,$19.76,-0.3%,0.7%,2.8%,n/a,"$337,668,257"
IoTeX,$0.035333164298,0.0%,-5.7%,-1.6%,n/a,"$333,815,416"
Convex CRV,$1.19,0.6%,2.0%,-10.8%,n/a,"$333,429,167"
Kadena,$1.79,0.2%,-0.5%,-21.0%,n/a,"$330,874,169"
Olympus,$13.03,2.1%,4.5%,-3.9%,n/a,"$321,577,331"
Gemini Dollar,$0.981149,-0.2%,0.0%,-1.9%,n/a,"$319,099,946"
OMG Network,$2.24,-0.0%,0.1%,-6.9%,n/a,"$313,549,825"
Marinade staked SOL,$43.40,-0.3%,-0.7%,-3.2%,n/a,"$308,212,169"
Livepeer,$11.73,-0.7%,1.3%,-3.3%,n/a,"$306,336,316"
0x,$0.352177,0.2%,0.2%,-4.7%,n/a,"$297,915,693"
Golem,$0.296516,-0.3%,2.2%,8.3%,n/a,"$296,625,290"
JUST,$0.033098471223,-0.1%,-0.6%,-1.0%,n/a,"$294,676,966"
Reserve Rights,$0.006848420968,-0.4%,-1.5%,-19.7%,n/a,"$289,495,204"
Optimism,$1.33,-0.9%,-1.7%,-14.5%,n/a,"$286,550,835"
Synapse,$1.53,-0.5%,8.5%,3.0%,n/a,"$285,274,574"
Audius,$0.349236,-0.1%,-0.2%,-7.6%,n/a,"$285,180,338"
LINK,$44.68,-0.6%,-1.5%,-13.5%,n/a,"$279,163,130"
SafeMoon [OLD],$0.000000005815,-1.0%,-0.4%,-5.9%,n/a,"$277,800,683"
GMX,$34.89,0.0%,8.6%,-24.3%,n/a,"$276,175,542"
Terra,$1.92,0.2%,-1.1%,-4.9%,n/a,"$270,811,176"
Sushi,$1.39,0.0%,0.1%,-12.1%,n/a,"$266,573,325"
ICON,$0.329109,-0.7%,-1.5%,-5.7%,n/a,"$260,800,227"
Flux,$1.00,-0.2%,5.1%,33.5%,n/a,"$256,960,179"
WAX,$0.119867,0.1%,0.7%,0.6%,n/a,"$254,388,997"
Merit Circle,$0.911494,-0.1%,0.7%,-3.1%,n/a,"$250,833,751"
Songbird,$0.029578588678,-0.3%,-0.6%,14.6%,n/a,"$248,523,284"
Ontology,$0.282085,0.1%,-5.9%,-1.9%,n/a,"$246,954,487"
Siacoin,$0.004769402309,-0.2%,0.5%,-3.3%,n/a,"$245,284,084"
Baby Doge Coin,$0.000000001531,-0.5%,-1.8%,-5.2%,n/a,"$243,966,661"
NuCypher,$0.196050,0.2%,-0.1%,-3.4%,n/a,"$242,853,795"
Horizen,$19.02,-0.6%,-8.8%,-13.1%,n/a,"$241,828,551"
Moonbeam,$0.672914,0.3%,1.4%,-11.8%,n/a,"$240,419,669"
TerraClassicUSD,$0.024323997350,0.6%,-2.0%,-17.7%,n/a,"$238,723,056"
Constellation,$0.090844511535,-4.0%,-7.0%,-18.1%,n/a,"$236,733,522"
Balancer,$6.56,-0.6%,0.8%,3.0%,n/a,"$233,769,103"
DAO Maker,$2.10,-0.1%,-1.6%,3.3%,n/a,"$232,358,097"
Escoin,$3.11,0.0%,1.1%,1.0%,n/a,"$228,752,259"
dYdX,$1.91,-0.2%,-0.9%,-21.9%,n/a,"$227,786,142"
Immutable X,$0.967084,-0.4%,-0.2%,-14.3%,n/a,"$227,129,665"
WOO Network,$0.198305,-0.4%,-1.5%,-19.9%,n/a,"$226,502,473"
SXP,$0.457135,-0.3%,-1.7%,-2.8%,n/a,"$225,722,628"
Hive,$0.602396,-0.3%,0.8%,-5.2%,n/a,"$223,727,214"
UMA,$3.25,-0.5%,-4.7%,5.5%,n/a,"$223,332,584"
Secret,$1.25,-0.5%,2.1%,-1.5%,n/a,"$223,270,712"
Magic Internet Money,$0.998687,-0.2%,0.0%,-0.6%,n/a,"$223,058,301"
SafeMoon,$0.000401381059,1.2%,-2.8%,-4.8%,n/a,"$222,177,228"
Bitkub Coin,$2.46,-1.1%,-3.3%,-6.0%,n/a,"$219,402,958"
SKALE,$0.059479380085,-0.6%,-1.5%,-13.2%,n/a,"$218,595,314"
Euro Tether,$1.01,-0.1%,-0.3%,-1.4%,n/a,"$208,702,815"
Polymath,$0.228253,-0.4%,-0.6%,-1.8%,n/a,"$204,754,446"
Chia,$42.06,-0.2%,0.0%,-2.8%,n/a,"$203,656,820"
BTC Standard Hashrate Token,$27.70,-0.6%,8.5%,39.2%,n/a,"$201,786,249"
Smooth Love Potion,$0.004951516020,-0.0%,0.5%,2.1%,n/a,"$197,765,659"
Ergo,$3.36,-0.4%,1.9%,51.9%,n/a,"$197,762,049"
Dogelon Mars,$0.000000352928,-0.2%,0.3%,5.0%,n/a,"$193,647,965"
Fei USD,$0.999113,-0.1%,0.1%,0.2%,n/a,"$190,617,146"
DigiByte,$0.012218128050,0.4%,0.0%,-6.1%,n/a,"$189,436,258"
Liquity USD,$1.01,-1.1%,-0.2%,-1.8%,n/a,"$188,722,947"
PlayDapp,$0.443033,-0.2%,-0.3%,-3.9%,n/a,"$187,087,025"
Casper Network,$0.032674091266,-0.1%,-4.2%,-10.7%,n/a,"$186,867,246"
VVS Finance,$0.000007661648,-0.3%,-1.4%,3.5%,n/a,"$184,366,573"
Render,$0.641418,-0.3%,1.6%,-11.4%,n/a,"$183,896,764"
Coinmetro,$0.607741,-0.1%,-0.5%,-1.7%,n/a,"$183,651,497"
Alchemix USD,$0.975471,-0.2%,-0.1%,-2.9%,n/a,"$180,331,300"
SwissBorg,$0.186986,-0.1%,0.6%,-3.5%,n/a,"$178,087,392"
Kyber Network Crystal,$1.73,1.4%,10.9%,6.9%,n/a,"$177,424,040"
LooksRare,$0.324288,-2.6%,-2.2%,-20.4%,n/a,"$176,759,195"
Lisk,$1.22,-0.2%,0.4%,-1.8%,n/a,"$175,901,775"
MXC,$0.071903068607,0.5%,4.0%,3.9%,n/a,"$175,303,455"
CEEK Smart VR,$0.213856,-0.3%,-2.5%,-8.6%,n/a,"$173,417,882"
APENFT,$0.000000617340,0.0%,-0.6%,-4.1%,n/a,"$171,108,242"
Metis,$38.40,-0.3%,1.9%,-18.9%,n/a,"$166,869,318"
Astar,$0.043796284177,-0.5%,2.9%,-11.7%,n/a,"$164,781,292"
Energy Web,$3.75,-0.1%,3.3%,38.3%,n/a,"$161,394,713"
Lido Staked SOL,$43.03,0.7%,-0.8%,-3.4%,n/a,"$160,098,028"
Nervos Network,$0.004761115432,-0.5%,3.0%,-8.7%,n/a,"$159,078,301"
Function X,$0.298826,-1.0%,2.6%,-2.9%,n/a,"$156,056,425"
REN,$0.155747,-0.3%,-0.7%,-12.3%,n/a,"$155,661,404"
Pundi X,$0.595728,-0.6%,-0.6%,-7.5%,n/a,"$154,191,412"
Spell,$0.001497747814,-0.7%,-4.7%,0.2%,n/a,"$146,724,875"
Pocket Network,$0.115350,-0.3%,13.1%,-14.8%,n/a,"$141,626,425"
Radio Caca,$0.000429226565,-0.1%,-2.0%,1.4%,n/a,"$140,368,554"
Civic,$0.174942,-1.0%,-0.9%,5.4%,n/a,"$140,279,758"
Poollotto.finance,$10.71,-10.6%,-11.2%,7.1%,n/a,"$139,325,347"
API3,$2.32,0.3%,0.5%,11.7%,n/a,"$138,936,442"
WINkLink,$0.000143288188,-0.4%,-0.3%,0.2%,n/a,"$137,692,009"
My Neighbor Alice,$2.57,-0.0%,-0.5%,-9.9%,n/a,"$135,131,059"
Floki Inu,$0.000014706029,-0.3%,-3.5%,-0.8%,n/a,"$133,592,006"
Orbs,$0.046013870034,-0.3%,0.2%,-3.6%,n/a,"$133,485,601"
Nest Protocol,$0.033925020491,0.9%,12.3%,1.2%,n/a,"$133,319,417"
Kujira,$1.64,-4.5%,2.0%,80.7%,n/a,"$131,664,749"
Status,$0.033435535714,-0.2%,0.0%,-1.7%,n/a,"$131,645,076"
Nano,$0.986559,-0.3%,-0.0%,-8.2%,n/a,"$131,515,825"
ConstitutionDAO,$0.025917722799,-0.2%,-1.1%,-21.3%,n/a,"$131,288,754"
Medibloc,$0.024265992692,-0.4%,0.4%,-1.7%,n/a,"$130,634,813"
Celer Network,$0.023058569661,-0.3%,-0.3%,-6.4%,n/a,"$130,265,940"
CoinEx,$0.038339269441,1.6%,0.4%,14.5%,n/a,"$129,844,099"
Rally,$0.040591236928,0.0%,-0.2%,-7.2%,n/a,"$128,005,105"
Yield Guild Games,$0.688950,-0.9%,3.0%,-12.8%,n/a,"$127,450,644"
STASIS EURO,$1.01,-0.2%,-0.8%,-2.0%,n/a,"$125,205,894"
Acala,$0.255167,-0.4%,1.1%,-20.6%,n/a,"$124,997,668"
Conflux,$0.059165191018,-0.3%,6.0%,-3.3%,n/a,"$124,237,376"
Numeraire,$20.17,0.3%,2.0%,-4.7%,n/a,"$123,721,700"
Injective,$1.91,-0.9%,-1.6%,4.7%,n/a,"$123,633,111"
Everscale,$0.099475711727,-1.0%,-3.3%,-11.6%,n/a,"$123,397,646"
MX,$1.23,0.4%,-2.6%,-1.9%,n/a,"$123,205,482"
MVL,$0.005680663357,0.3%,1.4%,-3.7%,n/a,"$123,023,323"
Maple,$19.67,-0.6%,3.2%,11.6%,n/a,"$122,964,760"
UFO Gaming,$0.000004744068,-1.7%,1.7%,42.4%,n/a,"$122,035,212"
COTI,$0.110045,-0.5%,-1.3%,-9.4%,n/a,"$121,814,360"
Prom,$6.67,0.2%,-1.1%,-8.6%,n/a,"$121,675,359"
Iron Bank EURO,$1.01,0.2%,1.3%,1.9%,n/a,"$121,415,751"
Ardor,$0.119849,-0.4%,-0.3%,2.3%,n/a,"$120,058,008"
Kirobo,$0.032081708945,-2.3%,6.6%,-1.1%,n/a,"$119,964,465"
BENQI Liquid Staked AVAX,$26.69,-0.5%,-1.0%,-11.0%,n/a,"$119,610,135"
sETH2,"$1,845.00",0.2%,2.0%,0.7%,n/a,"$116,891,955"
inSure DeFi,$0.004374565526,2.3%,2.0%,6.6%,n/a,"$115,484,425"
TitanSwap,$1.15,0.1%,-2.8%,-11.2%,n/a,"$114,998,122"
sUSD,$1.01,0.2%,0.4%,-0.1%,n/a,"$113,674,775"
Bancor Network,$0.548250,-0.1%,-0.5%,-10.7%,n/a,"$113,434,638"
Syscoin,$0.172518,-0.3%,-1.9%,-9.2%,n/a,"$113,375,114"
PlatonCoin,$0.991555,-0.1%,-0.1%,-0.9%,n/a,"$113,197,989"
Telcoin,$0.001749210959,-0.6%,1.8%,7.5%,n/a,"$111,990,076"
PLEX,$0.399138,-0.3%,-4.5%,86.3%,n/a,"$111,556,430"
Wrapped Centrifuge,$0.368608,1.2%,5.1%,14.2%,n/a,"$111,490,622"
dKargo,$0.052005085284,-0.6%,-0.3%,-5.1%,n/a,"$110,720,300"
Dent,$0.001152980234,-0.2%,-3.6%,-3.6%,n/a,"$110,212,711"
Project Galaxy,$3.08,-0.4%,0.5%,-16.6%,n/a,"$109,863,674"
Power Ledger,$0.254826,-0.1%,-0.0%,-4.3%,n/a,"$109,605,614"
Chromia,$0.194205,0.2%,-3.0%,-18.4%,n/a,"$109,103,352"
Biswap,$0.351856,-0.8%,-1.7%,-4.0%,n/a,"$108,762,895"
Ribbon Finance,$0.343822,0.0%,-2.5%,-10.6%,n/a,"$108,679,662"
Origin Protocol,$0.215997,0.3%,-3.3%,-6.0%,n/a,"$108,402,055"
Aurora,$1.69,-0.0%,-1.0%,-23.1%,n/a,"$108,211,056"
Keep Network,$0.196806,3.7%,3.9%,1.7%,n/a,"$108,104,656"
Steem,$0.273063,0.1%,1.4%,1.8%,n/a,"$107,871,838"
USDX,$0.957908,-1.1%,-0.2%,1.7%,n/a,"$107,234,392"
WazirX,$0.233411,0.8%,1.9%,-2.7%,n/a,"$105,137,399"
Mobox,$0.691176,-0.2%,-0.4%,-10.2%,n/a,"$104,824,324"
Radicle,$2.52,1.5%,7.6%,-3.3%,n/a,"$103,778,688"
Stratis,$0.739393,0.1%,0.9%,-2.4%,n/a,"$103,519,477"
XYO Network,$0.008184642872,0.1%,-1.1%,-8.6%,n/a,"$103,258,099"
Cartesi,$0.169132,0.1%,-2.5%,-8.5%,n/a,"$102,273,662"
iExec RLC,$1.41,0.3%,-1.6%,-4.6%,n/a,"$102,062,647"
Raydium,$0.792066,-0.1%,-1.2%,-7.8%,n/a,"$102,049,505"
Adshares,$3.41,-0.3%,-2.2%,-5.7%,n/a,"$101,357,663"
VeThor,$0.001934701075,-0.4%,-0.2%,-9.5%,n/a,"$101,330,977"
MiL.k Alliance,$0.426614,0.0%,0.5%,-4.0%,n/a,"$101,315,383"
Kunci Coin,$0.085606317041,0.1%,-0.4%,-4.7%,n/a,"$101,209,188"
Revain,$0.001198938483,-0.2%,1.7%,2.9%,n/a,"$101,135,663"
Velas,$0.043181174823,-3.4%,-0.0%,8.4%,n/a,"$100,510,295"
Request,$0.129413,1.1%,-1.8%,-4.5%,n/a,"$100,217,960"
Everdome,$0.004036491542,-0.1%,-0.4%,-15.8%,n/a,"$99,802,180"
Ankr Reward-Bearing Staked ETH,"$1,786.04",0.2%,2.2%,0.2%,n/a,"$98,723,557"
Biconomy,$0.569914,-0.3%,-0.8%,-13.1%,n/a,"$97,975,200"
BTSE Token,$4.34,0.6%,-4.1%,5.2%,n/a,"$97,366,382"
JOE,$0.311443,-0.4%,0.2%,-19.2%,n/a,"$97,270,059"
Multichain,$5.29,0.2%,-2.3%,-16.9%,n/a,"$97,239,798"
e-Radix,$0.060622321169,-0.1%,-0.2%,-3.9%,n/a,"$97,228,360"
Tokamak Network,$2.18,0.1%,3.1%,-0.9%,n/a,"$96,927,121"
Pirate Chain,$0.496560,-0.0%,0.3%,-6.5%,n/a,"$96,323,744"
Storj,$0.669794,-0.2%,-0.0%,-7.6%,n/a,"$96,065,375"
Vulcan Forged,$4.02,-0.0%,0.0%,-19.2%,n/a,"$95,794,109"
Tracer DAO,$0.158528,0.2%,18.8%,26.8%,n/a,"$95,622,999"
Dopex,$464.17,-2.4%,7.7%,-13.0%,n/a,"$94,721,255"
Bifrost,$0.087935070849,-0.5%,1.1%,0.2%,n/a,"$94,598,890"
xSUSHI,$1.84,-1.2%,-0.1%,-11.7%,n/a,"$94,389,909"
Voyager VGX,$0.316825,2.6%,0.8%,-9.1%,n/a,"$92,780,369"
XMON,"$36,500.17",-1.3%,2.9%,7.0%,n/a,"$91,583,368"
Uquid Coin,$9.15,-0.2%,-0.7%,-43.3%,n/a,"$91,467,700"
Ultra,$0.335627,-0.0%,-0.6%,-11.4%,n/a,"$90,870,112"
OriginTrail,$0.244856,-0.3%,-0.0%,5.3%,n/a,"$90,486,299"
Creditcoin,$0.432492,-0.5%,3.0%,0.9%,n/a,"$89,659,589"
LUKSO,$5.86,0.1%,-4.3%,-18.2%,n/a,"$88,867,852"
Tellor,$37.87,-0.2%,-3.5%,-1.7%,n/a,"$88,778,790"
Metal,$1.37,-0.3%,-0.2%,-5.5%,n/a,"$88,517,365"
Xido Finance,$2.93,-1.8%,-2.6%,0.8%,n/a,"$88,227,253"
Seedify.fund,$2.46,-0.4%,-3.6%,-16.7%,n/a,"$87,788,227"
Alien Worlds,$0.029868974312,-0.2%,-1.3%,-6.7%,n/a,"$87,704,411"
FUN,$0.008243315514,-0.1%,-0.2%,-1.2%,n/a,"$87,325,686"
Persistence,$0.741813,-0.2%,-1.6%,1.4%,n/a,"$87,296,596"
Venus,$6.35,-1.7%,7.1%,-5.2%,n/a,"$86,820,947"
StormX,$0.009347684069,-0.0%,-1.6%,0.3%,n/a,"$86,712,053"
Coin98,$0.469796,0.5%,-2.5%,-14.1%,n/a,"$86,614,024"
Ark,$0.513202,-0.3%,0.0%,-2.7%,n/a,"$85,756,076"
Beldex,$0.056333399270,-1.8%,-6.2%,-3.5%,n/a,"$85,366,085"
SSV Network,$12.24,2.3%,21.7%,16.8%,n/a,"$85,205,098"
STP Network,$0.051553802694,0.6%,1.9%,0.2%,n/a,"$84,941,499"
Reef,$0.004244446344,0.2%,0.1%,-6.3%,n/a,"$84,368,308"
Ocean Protocol,$0.193851,-0.3%,-0.4%,-15.8%,n/a,"$84,160,588"
Ampleforth,$1.41,-0.1%,5.5%,-8.3%,n/a,"$82,772,891"
aelf,$0.178231,-0.3%,-0.1%,-1.4%,n/a,"$81,972,309"
Liquity,$1.02,-1.6%,0.6%,-13.2%,n/a,"$81,824,376"
Manifold Finance,$56.95,1.7%,21.8%,14.9%,n/a,"$81,812,364"
Mdex,$0.088671468718,-0.1%,-3.7%,-9.4%,n/a,"$80,814,501"
Gains Farm,"$2,238.65",0.4%,6.2%,-16.7%,n/a,"$80,194,174"
Shentu,$0.926930,-0.1%,0.3%,-11.7%,n/a,"$78,621,057"
QuarkChain,$0.011725236492,-0.2%,0.2%,-2.3%,n/a,"$78,375,094"
Klever,$0.008798114723,-0.1%,-7.2%,-12.2%,n/a,"$78,263,459"
Bezoge Earth,$0.000000001805,0.0%,20.3%,67.5%,n/a,"$78,208,808"
renBTC,"$23,544.30",0.1%,0.6%,-1.6%,n/a,"$78,034,080"
Nerve Finance,$0.007682165169,-2.1%,-4.1%,3.7%,n/a,"$77,747,624"
Hxro,$0.174764,-0.1%,-3.7%,-12.2%,n/a,"$77,270,724"
Bone ShibaSwap,$1.03,1.1%,-2.0%,-1.3%,n/a,"$76,894,635"
MaidSafeCoin,$0.273418,0.2%,-9.3%,-14.9%,n/a,"$76,302,113"
Moonriver,$15.03,0.5%,2.5%,-15.3%,n/a,"$76,095,071"
Illuvium,$104.85,-0.1%,1.7%,-8.6%,n/a,"$76,093,717"
Alchemy Pay,$0.015342764774,0.2%,-1.4%,-2.7%,n/a,"$75,911,951"
Decentralized Social,$7.17,-0.1%,-4.2%,-7.3%,n/a,"$75,538,727"
Dawn Protocol,$1.00,-0.1%,0.4%,-2.6%,n/a,"$75,192,815"
Mask Network,$1.59,0.0%,-3.0%,-12.2%,n/a,"$74,980,314"
Boba Network,$0.449085,-0.2%,0.6%,-16.2%,n/a,"$74,717,142"
flexUSD,$0.374415,0.1%,4.1%,-11.9%,n/a,"$73,902,907"
MrWeb Finance,$2.44,-0.5%,-1.5%,2.3%,n/a,"$73,390,927"
Orchid Protocol,$0.123277,0.1%,0.5%,-2.8%,n/a,"$73,091,191"
Aragon,$1.91,0.1%,-0.1%,-14.6%,n/a,"$72,758,425"
Fidu,$0.982199,-0.2%,0.2%,-2.3%,n/a,"$71,893,680"
Metadium,$0.042581644924,-0.3%,0.4%,-2.9%,n/a,"$71,877,671"
Strike,$21.47,-0.1%,0.0%,1.4%,n/a,"$71,087,383"
Bounce,$9.31,0.1%,-1.6%,-12.2%,n/a,"$71,079,888"
Everipedia,$0.006083218575,-0.2%,0.4%,-3.2%,n/a,"$71,001,879"
Dock,$0.024138083470,-3.5%,4.5%,-9.4%,n/a,"$70,448,413"
Efinity,$0.158203,-0.1%,-0.9%,-10.8%,n/a,"$70,042,777"
GXChain,$0.995173,1.1%,17.6%,97.5%,n/a,"$69,820,142"
RSK Infrastructure Framework,$0.077862017896,-0.4%,-0.9%,-5.7%,n/a,"$69,519,082"
NKN,$0.107145,-0.1%,-2.6%,-7.9%,n/a,"$69,478,348"
Share,$0.003390358472,1.1%,0.4%,-4.2%,n/a,"$69,453,171"
Akash Network,$0.409116,-0.2%,0.5%,0.0%,n/a,"$69,346,024"
Augur,$9.01,-0.3%,0.6%,-1.1%,n/a,"$68,932,755"
ChainX,$0.867697,-0.6%,-1.2%,6.5%,n/a,"$68,530,128"
Sun Token,$0.006440360212,0.1%,-2.8%,-3.2%,n/a,"$67,631,960"
Fetch.ai,$0.098281301531,-0.1%,-2.6%,-1.4%,n/a,"$67,499,820"
TempleDAO,$0.690985,-0.2%,0.1%,-6.6%,n/a,"$67,464,007"
HUSD,$0.839356,-4.3%,-15.5%,-16.0%,n/a,"$67,204,543"
AscendEx,$0.090422457743,-0.5%,1.8%,9.5%,n/a,"$67,202,050"
Veritaseum,$31.15,-0.1%,-1.4%,-22.5%,n/a,"$66,889,104"
DODO,$0.159374,-0.3%,-0.6%,-12.2%,n/a,"$66,668,914"
Unifi Protocol DAO,$11.28,0.6%,-4.8%,27.0%,n/a,"$66,425,328"
Tribe,$0.145888,-0.1%,-0.9%,-9.3%,n/a,"$66,423,597"
Band Protocol,$1.58,-0.2%,-0.6%,-14.4%,n/a,"$65,813,702"
cBAT,$0.008514900548,0.0%,-0.4%,-10.6%,n/a,"$65,395,870"
Alpha Venture DAO,$0.146646,-0.1%,0.6%,-11.6%,n/a,"$65,361,050"
KILT Protocol,$0.587306,0.3%,-0.1%,3.9%,n/a,"$64,857,452"
Beta Finance,$0.133473,0.0%,0.1%,-5.9%,n/a,"$64,524,041"
TrueFi,$0.076866557862,0.6%,3.5%,-12.0%,n/a,"$64,200,218"
Hermez Network,$3.84,-0.3%,1.6%,1.2%,n/a,"$64,075,365"
Metahero,$0.008132519617,-0.8%,-0.9%,-7.4%,n/a,"$64,007,305"
Utrust,$0.135601,-0.3%,-0.8%,-11.0%,n/a,"$63,762,527"
Perpetual Protocol,$0.899206,-0.2%,2.5%,-18.2%,n/a,"$63,723,276"
Dola,$0.978079,-0.7%,-0.7%,-1.8%,n/a,"$63,290,704"
Rari Governance,$5.58,-0.3%,0.1%,-1.8%,n/a,"$63,133,948"
Aavegotchi,$1.31,-0.3%,-0.0%,-2.8%,n/a,"$62,651,475"
Verge,$0.003807687177,0.1%,-2.4%,-1.3%,n/a,"$62,631,473"
Flamingo Finance,$0.166430,-0.8%,-4.4%,-19.8%,n/a,"$62,613,403"
World Mobile Token,$0.228811,-0.1%,0.0%,1.6%,n/a,"$62,517,769"
Decimal,$0.035705041328,-0.3%,4.7%,20.4%,n/a,"$62,484,697"
Gains Network,$2.28,3.9%,8.3%,-15.5%,n/a,"$62,360,034"
Ronin,$0.419329,0.3%,1.7%,-1.7%,n/a,"$61,833,189"
cVault.finance,"$6,144.63",0.1%,1.5%,-5.8%,n/a,"$61,419,685"
Verasity,$0.005910634932,-0.2%,-1.0%,-19.3%,n/a,"$61,129,201"
Coin of the champions,$0.000000213000,-1.1%,-2.3%,-11.6%,n/a,"$60,964,149"
Doge Killer,$570.36,0.2%,-2.2%,-4.2%,n/a,"$60,248,287"
DUSK Network,$0.146934,0.1%,-0.5%,-13.4%,n/a,"$60,200,906"
BakerySwap,$0.311136,0.1%,0.1%,-10.2%,n/a,"$59,902,660"
holoride,$0.191747,0.0%,-0.4%,-13.4%,n/a,"$59,202,838"
WeWay,$0.023208442567,0.3%,-3.5%,-9.8%,n/a,"$59,074,541"
Telos,$0.213769,0.1%,0.4%,13.6%,n/a,"$58,954,516"
XSGD,$0.723858,0.2%,-0.4%,-0.9%,n/a,"$58,531,476"
Bytecoin,$0.000063216920,-0.1%,2.6%,3.3%,n/a,"$58,425,443"
Aergo,$0.142097,-0.0%,1.8%,-2.7%,n/a,"$58,269,505"
ThunderCore,$0.006126386988,-0.4%,0.9%,-0.7%,n/a,"$58,261,540"
Ferro,$0.079176223551,0.8%,3.7%,8.6%,n/a,"$58,189,163"
Polkastarter,$0.586051,-0.0%,-2.8%,-13.5%,n/a,"$58,048,953"
Kishu Inu,$0.000000000597,-1.0%,-4.7%,5.4%,n/a,"$57,932,857"
Keep3rV1,$139.11,0.2%,-3.2%,-11.4%,n/a,"$57,731,381"
DFI.money,"$1,441.46",-0.5%,-6.5%,-19.0%,n/a,"$57,220,246"
Proton,$0.004052250362,-0.6%,-0.2%,2.8%,n/a,"$56,255,367"
BarnBridge,$7.71,-1.8%,-10.7%,-7.3%,n/a,"$55,968,911"
Dejitaru Tsuka,$0.055121190098,3.4%,0.0%,38.5%,n/a,"$55,145,217"
MAI,$0.992364,-0.4%,-0.2%,-0.4%,n/a,"$54,644,976"
Electroneum,$0.003029846855,-0.4%,-0.8%,-7.1%,n/a,"$54,327,736"
BoringDAO [OLD],$102.03,,-46.6%,-8.0%,n/a,"$54,184,978"
Efforce,$0.102128,2.4%,-1.5%,8.1%,n/a,"$54,155,759"
Mango,$0.049299642932,-0.3%,0.6%,-6.9%,n/a,"$54,142,850"
Divi,$0.017915306967,-0.4%,2.2%,-5.7%,n/a,"$54,063,516"
Meter Governance,$3.28,-0.2%,3.5%,-13.0%,n/a,"$54,033,042"
Bitcicoin,$0.006913785361,-10.9%,8.7%,77.0%,n/a,"$53,960,538"
TomoChain,$0.596277,-0.2%,1.7%,-7.4%,n/a,"$53,199,794"
Santos FC Fan Token,$13.97,-8.9%,136.9%,193.2%,n/a,"$53,162,416"
CUBE,$0.075467689541,-0.5%,-8.4%,-14.9%,n/a,"$53,087,652"
Hifi Finance,$0.005635897040,-0.2%,-0.1%,-19.6%,n/a,"$52,969,399"
Astrafer,$3.74,-0.0%,1.0%,-6.5%,n/a,"$52,632,787"
Hunt,$0.481780,-0.2%,0.3%,-2.9%,n/a,"$52,589,329"
DEAPCOIN,$0.010805986260,-0.4%,-0.0%,-7.4%,n/a,"$52,361,065"
IDEX,$0.077806864517,-0.1%,-1.8%,-6.7%,n/a,"$52,281,990"
Blox,$0.077514589207,-0.2%,-15.5%,3.9%,n/a,"$52,278,713"
bZx Protocol,$0.101074,8.2%,-5.2%,14.9%,n/a,"$51,998,869"
COCOS BCX,$0.773407,0.4%,0.5%,-3.2%,n/a,"$51,942,577"
Automata,$0.198722,0.1%,-3.0%,-8.3%,n/a,"$51,445,249"
JasmyCoin,$0.010746014260,-0.0%,-3.4%,4.3%,n/a,"$51,043,047"
Dopex Rebate,$42.51,-1.3%,11.6%,-4.9%,n/a,"$50,828,120"
Dero,$3.99,0.7%,1.4%,-0.9%,n/a,"$50,518,485"
Sportium,$0.299448,-0.1%,-9.9%,-61.3%,n/a,"$50,402,730"
SingularityNET,$0.046613865784,-0.8%,0.7%,-13.1%,n/a,"$50,311,569"
Phoenix Global [OLD],$0.915194,0.0%,0.0%,0.0%,n/a,"$50,271,405"
IX,$0.941880,0.5%,-1.6%,-11.8%,n/a,"$50,269,260"
StarLink,$0.000005033887,-0.8%,-2.5%,1.8%,n/a,"$50,233,076"
Koda Cryptocurrency,$0.000098478014,0.5%,-1.9%,-17.2%,n/a,"$50,208,210"
CateCoin,$0.000001451973,-0.2%,3.3%,11.0%,n/a,"$50,046,269"
Wrapped NXM,$17.63,-0.2%,-5.2%,-5.4%,n/a,"$49,719,982"
Cult DAO,$0.000011506658,-0.3%,-2.9%,-17.6%,n/a,"$49,103,601"
Nexus,$0.054125850201,1.4%,3.2%,-28.1%,n/a,"$48,923,600"
Aleph.im,$0.261655,0.1%,0.3%,0.1%,n/a,"$48,711,726"
YUSD Stablecoin,$0.993126,-0.1%,-0.3%,-0.1%,n/a,"$48,632,669"
cUNI,$0.163803,0.0%,1.2%,-12.1%,n/a,"$48,610,596"
Celo Dollar,$0.993554,-0.1%,-0.2%,0.6%,n/a,"$48,475,293"
Freeway,$0.007079891075,-1.5%,-1.9%,-2.7%,n/a,"$48,176,891"
Origin Dollar,$0.990250,-0.4%,-0.9%,-0.5%,n/a,"$48,100,094"
Phala Network,$0.121263,-0.2%,0.0%,-8.9%,n/a,"$48,005,851"
Concordium,$0.011904769293,-0.8%,-4.2%,-21.0%,n/a,"$47,857,915"
chrono.tech,$66.59,-2.2%,1.3%,-11.0%,n/a,"$47,409,025"
EverRise,$0.000658625218,-0.5%,-2.0%,-13.1%,n/a,"$47,229,985"
Samoyedcoin,$0.013456191272,-0.1%,0.7%,-12.6%,n/a,"$47,032,359"
Yoshi.exchange,$0.368436,0.1%,1.4%,-13.5%,n/a,"$47,022,396"
ZoidPay,$0.144401,0.6%,2.3%,-10.0%,n/a,"$46,998,210"
Marlin,$0.012012844416,0.9%,1.3%,-16.7%,n/a,"$46,851,001"
Regen,$0.345599,0.0%,0.8%,5.5%,n/a,"$46,806,606"
Hoo,$0.564751,3.7%,3.6%,-9.3%,n/a,"$46,583,329"
SuperFarm,$0.161840,-0.4%,-0.4%,-9.9%,n/a,"$46,477,133"
Orion Protocol,$1.35,-0.2%,-3.0%,-12.4%,n/a,"$46,369,011"
Ampleforth Governance,$5.35,0.2%,0.7%,-4.6%,n/a,"$46,354,102"
Talken,$0.412029,-1.0%,1.1%,12.3%,n/a,"$46,282,221"
League of Kingdoms,$0.693400,-0.0%,0.2%,-12.6%,n/a,"$46,151,043"
apM Coin,$0.127831,-0.3%,-1.2%,-12.3%,n/a,"$46,093,282"
SERO,$0.125907,-0.3%,8.7%,15.6%,n/a,"$45,977,501"
H2O Dao,$0.585990,-1.0%,-0.9%,-2.9%,n/a,"$45,831,574"
Alchemix,$30.35,1.0%,2.5%,-12.0%,n/a,"$45,805,415"
Bella Protocol,$0.816394,0.1%,-1.2%,-7.2%,n/a,"$45,737,517"
Propy,$0.785204,-2.2%,-2.4%,1.7%,n/a,"$45,701,602"
Wanchain,$0.231616,-0.5%,0.3%,-6.2%,n/a,"$45,220,740"
Carry,$0.005124702994,-0.4%,0.9%,-1.7%,n/a,"$45,060,317"
Kyber Network Crystal Legacy,$1.75,1.5%,10.8%,7.4%,n/a,"$45,002,623"
Stargate Finance,$0.333913,-0.6%,-2.0%,-13.3%,n/a,"$44,461,483"
RAMP [OLD],$0.108247,2.8%,3.6%,-0.3%,n/a,"$44,451,697"
XCAD Network,$1.84,-0.6%,-3.8%,4.2%,n/a,"$44,247,640"
Elastos,$2.06,-0.2%,1.9%,-1.6%,n/a,"$43,961,782"
Alpine F1 Team Fan Token,$4.09,9.0%,32.8%,38.0%,n/a,"$43,849,914"
Ellipsis [OLD],$0.062242390472,-1.2%,-8.8%,-10.4%,n/a,"$43,690,861"
agEUR,$1.02,-0.6%,0.3%,-0.8%,n/a,"$43,448,265"
Axion,$0.000012262386,0.3%,-0.4%,-2.2%,n/a,"$43,431,003"
BENQI,$0.016140283685,-0.9%,-3.4%,-9.0%,n/a,"$43,424,751"
Step App,$0.105035,-2.8%,-0.9%,-12.1%,n/a,"$43,175,477"
AVINOC,$0.257085,-0.1%,0.5%,-2.1%,n/a,"$42,980,552"
SafePal,$0.396660,-0.4%,-0.6%,-7.8%,n/a,"$42,935,049"
Travala.com,$0.815863,-0.9%,6.2%,-5.5%,n/a,"$42,847,650"
USDK,$1.00,0.1%,0.0%,0.0%,n/a,"$42,574,247"
Badger DAO,$4.24,-0.8%,-1.6%,-18.5%,n/a,"$42,222,679"
Railgun,$0.729035,-0.5%,5.4%,-6.5%,n/a,"$42,127,059"
Zignaly,$0.010528736609,-0.0%,-2.1%,-10.4%,n/a,"$42,062,845"
Loom Network (OLD),$0.050326379382,-0.4%,0.0%,-2.7%,n/a,"$41,921,236"
Rich Quack,$0.000000000938,-0.1%,-2.8%,-10.5%,n/a,"$41,750,432"
Gitcoin,$2.94,-0.3%,-4.1%,-3.2%,n/a,"$41,729,702"
Alpha Quark,$1.54,1.4%,2.4%,-0.3%,n/a,"$41,555,982"
Hydra,$3.11,-0.4%,0.0%,-2.5%,n/a,"$41,495,281"
ZigZag,$3.28,-0.1%,0.5%,-4.3%,n/a,"$41,461,180"
Neutrino System Base,$15.07,0.2%,-1.5%,-22.9%,n/a,"$41,404,755"
LeverFi,$0.003054582077,1.1%,2.0%,-1.6%,n/a,"$41,264,087"
Cratos,$0.000596790600,0.1%,-4.0%,-4.3%,n/a,"$41,155,021"
Kaspa,$0.003504443924,3.0%,40.4%,393.9%,n/a,"$41,078,657"
AIOZ Network,$0.065003521589,-0.2%,-1.4%,-12.1%,n/a,"$41,077,287"
Vega Protocol,$1.58,0.0%,0.3%,-11.8%,n/a,"$41,062,116"
Gas,$2.94,0.7%,0.9%,-3.8%,n/a,"$41,037,725"
Bolide,$0.023367719877,-0.3%,-2.0%,-1.1%,n/a,"$40,959,799"
ONBUFF,$0.052912184978,-0.3%,2.1%,-3.7%,n/a,"$40,717,060"
KardiaChain,$0.010226661157,0.7%,-4.5%,-5.5%,n/a,"$40,709,390"
Decentral Games,$0.072512387769,-0.4%,3.5%,-6.1%,n/a,"$40,432,800"
Linear,$0.009784570511,-0.2%,0.6%,-7.8%,n/a,"$40,398,189"
Mossland,$0.105532,-0.1%,0.6%,-2.2%,n/a,"$40,364,614"
ARPA Chain,$0.040880542217,0.1%,-1.2%,-7.1%,n/a,"$40,164,396"
Alpaca Finance,$0.260401,0.4%,-2.7%,-7.9%,n/a,"$40,082,526"
BiLira,$0.054723221294,-0.1%,-0.8%,-1.7%,n/a,"$39,985,448"
DEI,$0.998184,-0.2%,426.7%,500.7%,n/a,"$39,954,728"
REI Network,$0.041567339323,-0.8%,1.1%,-6.5%,n/a,"$39,893,298"
CloutContracts,$3.66,0.2%,2.1%,0.9%,n/a,"$39,554,042"
Enzyme,$27.21,0.1%,-0.8%,-8.5%,n/a,"$39,534,604"
Komodo,$0.293704,-0.8%,-0.1%,-8.1%,n/a,"$39,462,789"
LCX,$0.069945226395,0.5%,-2.1%,14.6%,n/a,"$39,285,247"
LTO Network,$0.099691106500,0.0%,0.7%,-3.8%,n/a,"$39,181,255"
DeFi Pulse Index,$105.73,-0.6%,-0.4%,-10.1%,n/a,"$38,978,452"
Instadapp ETH,"$1,916.60",0.0%,2.0%,0.4%,n/a,"$38,602,610"
Quickswap [OLD],$83.19,0.0%,1.1%,-5.5%,n/a,"$38,399,787"
Hector Network,$16.17,-0.0%,-6.6%,-26.4%,n/a,"$38,363,065"
DIA,$0.464274,0.3%,-0.1%,-5.4%,n/a,"$38,211,487"
district0x,$0.050666880670,-0.3%,-0.9%,-7.8%,n/a,"$38,051,871"
Syntropy,$0.078871506479,0.8%,3.5%,-0.4%,n/a,"$37,784,094"
Redacted Cartel [OLD],$36.37,3.4%,-1.7%,-24.2%,n/a,"$37,714,440"
BitMart,$0.213584,-0.1%,1.9%,-5.8%,n/a,"$37,559,592"
Aave [OLD],$1.03,0.1%,-1.6%,-8.1%,n/a,"$37,406,181"
Toucan Protocol: Base Carbon Tonne,$1.95,-0.9%,3.3%,-2.8%,n/a,"$37,208,693"
HyperCash,$0.133098,-0.1%,-0.8%,-6.5%,n/a,"$36,981,427"
Steem Dollars,$3.19,-0.1%,0.8%,-3.4%,n/a,"$36,787,056"
mStable USD,$0.978313,-0.2%,-0.2%,-1.9%,n/a,"$36,720,384"
SuperRare,$0.250467,-0.1%,-1.6%,-16.3%,n/a,"$36,382,631"
Firmachain,$0.071615295090,0.1%,-0.2%,0.5%,n/a,"$36,225,537"
Koinos,$0.362251,-0.2%,8.4%,79.4%,n/a,"$35,992,528"
Refereum,$0.007362840929,-0.4%,-0.9%,1.6%,n/a,"$35,913,330"
Presearch,$0.090615757391,-0.8%,-0.7%,7.2%,n/a,"$35,885,939"
Hathor,$0.151190,-1.4%,-1.0%,-5.2%,n/a,"$35,597,723"
Harvest Finance,$53.51,-0.0%,-1.3%,-4.5%,n/a,"$35,546,584"
Stargaze,$0.032941732355,0.3%,4.6%,2.4%,n/a,"$35,495,158"
RIZON,$0.019131957833,-0.5%,-0.0%,-3.6%,n/a,"$35,429,709"
Anchor Protocol,$0.100898,-0.2%,-3.5%,-12.6%,n/a,"$35,331,802"
Wing Finance,$12.82,-0.4%,-3.4%,-14.1%,n/a,"$35,294,411"
Clover Finance,$0.110194,0.0%,-0.8%,-7.1%,n/a,"$35,152,964"
Snowbank,$218.88,?,?,?,n/a,"$34,941,585"
Beefy.Finance,$433.82,0.1%,0.5%,-7.9%,n/a,"$34,737,468"
Klima DAO,$4.71,-0.5%,0.2%,-12.4%,n/a,"$34,648,110"
Aeternity,$0.085831412491,-1.4%,-2.2%,-4.5%,n/a,"$34,350,580"
Qredo,$0.306705,-0.4%,-3.3%,-13.4%,n/a,"$34,302,016"
Phantasma,$0.320958,0.2%,-0.9%,-9.4%,n/a,"$34,239,945"
Volt Inu,$0.000000754911,-0.6%,0.5%,-5.1%,n/a,"$34,208,962"
Karura,$0.502042,0.3%,-0.5%,-22.0%,n/a,"$33,942,092"
RMRK,$3.56,-1.5%,-1.3%,-10.3%,n/a,"$33,928,595"
Rootkit,"$1,755.02",0.1%,0.1%,-1.0%,n/a,"$33,886,808"
Bitcoin Diamond,$0.179811,0.2%,-3.2%,-0.2%,n/a,"$33,873,152"
MAP Protocol,$0.015150177296,-0.9%,23.6%,19.4%,n/a,"$33,833,548"
Kava Swap,$0.421603,1.0%,2.1%,13.3%,n/a,"$33,744,725"
c0x,$0.007230066475,0.0%,0.6%,-4.6%,n/a,"$33,477,397"
Refinable,$0.027683777252,-0.7%,-1.1%,-5.3%,n/a,"$33,475,832"
ShapeShift FOX Token,$0.080274892335,-0.2%,-1.7%,-6.3%,n/a,"$33,364,214"
Paris Saint-Germain Fan Token,$10.85,1.2%,23.9%,23.8%,n/a,"$33,132,129"
Celo Euro,$1.00,6.4%,4.8%,0.6%,n/a,"$33,127,942"
Circuits of Value,$0.018418021768,0.2%,-7.0%,41.4%,n/a,"$33,018,783"
Litentry,$0.882916,-0.1%,-0.9%,-12.9%,n/a,"$32,812,050"
Swarm,$0.516484,-0.7%,-5.3%,-13.4%,n/a,"$32,807,232"
Adventure Gold,$0.428284,-0.2%,0.6%,-5.8%,n/a,"$32,768,433"
Cere Network,$0.007438524698,-0.9%,9.7%,22.1%,n/a,"$32,656,179"
Splintershards,$0.066655911553,-0.7%,-1.8%,-15.3%,n/a,"$32,645,647"
Rook,$39.34,0.7%,4.1%,-7.5%,n/a,"$32,268,045"
PlatON Network,$0.011234165566,-0.6%,2.0%,-23.8%,n/a,"$32,198,277"
Wilder World,$0.337712,-1.8%,-2.4%,-28.0%,n/a,"$32,126,230"
BOX Token,$0.008461748501,?,?,?,n/a,"$31,921,670"
Euro Coin,$1.02,-0.2%,-0.2%,-1.5%,n/a,"$31,852,477"
IRISnet,$0.023247178245,-0.4%,1.0%,-9.6%,n/a,"$31,626,886"
Handshake,$0.060646511732,-0.3%,1.8%,-0.9%,n/a,"$31,609,020"
Kava Lend,$0.233825,-0.6%,-1.1%,-11.3%,n/a,"$31,502,720"
Globiance Exchange,$0.000000082252,-1.5%,-4.7%,-8.5%,n/a,"$31,450,299"
FIO Protocol,$0.051851717165,-0.8%,-0.9%,-7.7%,n/a,"$31,433,026"
Redacted,$269.38,0.2%,7.8%,-27.2%,n/a,"$31,189,445"
Ethernity Chain,$1.98,-0.1%,-1.0%,-15.8%,n/a,"$31,086,103"
Boson Protocol,$0.343905,-0.3%,0.6%,-15.8%,n/a,"$31,058,873"
Mirror Protocol,$0.199134,0.2%,-1.3%,-14.7%,n/a,"$31,038,718"
Firo,$2.71,-0.5%,-4.3%,-6.4%,n/a,"$30,987,851"
Umee,$0.014911384125,-2.0%,-9.5%,-19.7%,n/a,"$30,925,412"
Rarible,$3.28,1.7%,3.0%,1.8%,n/a,"$30,924,776"
MintMe.com Coin,$0.057528729568,1.8%,3.9%,45.0%,n/a,"$30,857,576"
Bean,$0.976739,-0.2%,-0.2%,27118.9%,n/a,"$30,782,649"
Bonfida,$0.512542,0.0%,-0.7%,-4.3%,n/a,"$30,717,381"
Covalent,$0.077956953063,-0.3%,-1.6%,-12.6%,n/a,"$30,655,836"
BitShares,$0.011252676768,0.7%,-8.0%,-29.5%,n/a,"$30,532,821"
SelfKey,$0.005072666948,-2.2%,3.1%,-4.9%,n/a,"$30,435,184"
GET Protocol,$1.91,0.4%,4.9%,0.1%,n/a,"$30,431,603"
Groestlcoin,$0.375189,-0.1%,1.2%,-2.3%,n/a,"$30,160,067"
Sai,$9.84,?,?,?,n/a,"$30,147,378"
Coinweb,$0.022375214573,0.9%,3.0%,10.4%,n/a,"$29,988,797"
BNB48 Club,$8.66,-2.1%,-6.4%,-14.6%,n/a,"$29,782,161"
RAI Finance,$0.106287,-2.7%,-6.3%,-10.6%,n/a,"$29,748,516"
Victoria VR,$0.020379776605,-1.5%,-5.3%,-23.2%,n/a,"$29,729,427"
Magic,$0.581121,-0.7%,5.8%,-35.0%,n/a,"$29,583,481"
Cudos,$0.008834703196,-1.4%,-1.5%,-8.6%,n/a,"$29,519,085"
Tokemak,$1.78,0.0%,-9.5%,-6.5%,n/a,"$29,369,505"
Somnium Space CUBEs,$1.96,-0.7%,3.8%,1.3%,n/a,"$29,170,326"
Unibright,$0.194029,-0.8%,-2.2%,-11.7%,n/a,"$29,082,854"
CargoX,$0.173649,-0.2%,1.9%,-1.6%,n/a,"$29,028,614"
Cortex,$0.145358,-1.1%,2.6%,-6.3%,n/a,"$28,959,520"
Bluzelle,$0.086629817692,-0.5%,-3.0%,-16.8%,n/a,"$28,914,175"
Cube Network,$0.600275,-0.1%,-0.3%,-2.2%,n/a,"$28,900,909"
Ooki,$0.007558827952,-0.4%,3.7%,24.0%,n/a,"$28,876,654"
Atletico Madrid Fan Token,$5.93,3.1%,19.8%,20.6%,n/a,"$28,841,703"
Contentos,$0.008417377771,-0.7%,3.7%,4.5%,n/a,"$28,810,569"
Shiba Predator,$0.000000048191,0.6%,1.8%,34.6%,n/a,"$28,802,831"
GYEN,$0.007371368011,-0.1%,0.4%,-1.8%,n/a,"$28,695,747"
Sport and Leisure,$0.116802,?,?,?,n/a,"$28,585,407"
Luffy,$0.000000000422,1.0%,-4.6%,-18.3%,n/a,"$28,300,578"
Zipmex,$0.319101,0.0%,-3.0%,-0.8%,n/a,"$28,297,737"
Reserve,$0.998743,0.1%,-0.3%,0.2%,n/a,"$28,173,387"
MANTRA DAO,$0.056317362941,-0.0%,1.8%,-1.4%,n/a,"$27,807,195"
Tranchess,$0.336790,-0.3%,0.0%,-12.6%,n/a,"$27,784,259"
PolySwarm,$0.017913335198,0.5%,1.7%,-6.1%,n/a,"$27,769,494"
Spookyswap,$2.79,-1.0%,-4.1%,-14.5%,n/a,"$27,746,113"
TokenPocket Token,$0.007976179555,0.3%,1.1%,-6.0%,n/a,"$27,586,055"
Manchester City Fan Token,$7.42,3.4%,19.9%,23.5%,n/a,"$27,453,457"
Nym,$0.398738,0.2%,0.7%,-8.7%,n/a,"$27,383,784"
MixMarvel,$0.005289083881,0.3%,2.0%,-9.5%,n/a,"$27,244,061"
IdeaChain,$0.500620,?,?,?,n/a,"$26,983,409"
Lyra Finance,$0.156423,-0.5%,-1.6%,-5.6%,n/a,"$26,926,615"
Saito,$0.012367616457,0.2%,1.4%,6.5%,n/a,"$26,855,170"
Vite,$0.030214491297,-0.1%,0.4%,-6.0%,n/a,"$26,723,970"
pSTAKE Finance,$0.157055,-1.8%,-8.6%,-26.5%,n/a,"$26,534,907"
Lazio Fan Token,$4.46,-3.9%,27.8%,38.7%,n/a,"$26,489,934"
Genopets,$6.62,-0.3%,-5.3%,-8.2%,n/a,"$26,426,277"
StakeWise,$0.175596,0.9%,6.4%,-19.4%,n/a,"$26,417,169"
sETH,"$1,815.77",-0.3%,0.1%,-2.5%,n/a,"$26,390,913"
Ion,"$1,228.93",-0.3%,6.4%,-9.2%,n/a,"$26,152,986"
Aura Finance,$2.68,,0.1%,-17.2%,n/a,"$26,046,855"
Hoge Finance,$0.000062886935,-0.5%,-1.3%,18.6%,n/a,"$26,000,189"
Index Coop - ETH 2x Flexible Leverage Index,$16.97,-0.3%,3.2%,0.1%,n/a,"$25,988,509"
Pylon Protocol,$0.011756272152,0.8%,15.1%,2693.7%,n/a,"$25,886,606"
Ambire AdEx,$0.181486,-0.4%,-0.7%,-7.9%,n/a,"$25,839,888"
QANplatform,$0.012462371929,-0.3%,-0.8%,-23.2%,n/a,"$25,738,787"
Sentinel Protocol,$0.079149463305,-0.1%,1.1%,-3.2%,n/a,"$25,720,978"
Decentral Games Governance,$0.078025467801,-0.3%,3.2%,-1.4%,n/a,"$25,534,207"
Bitrue Coin,$0.062661120990,-0.4%,-5.7%,-14.8%,n/a,"$25,360,649"
Itheum,$0.122954,-0.0%,-0.1%,-14.3%,n/a,"$25,342,887"
GenesysGo Shadow,$0.332719,-0.1%,0.1%,-3.7%,n/a,"$25,295,689"
PinkSale,$250.62,-1.2%,-1.3%,-8.3%,n/a,"$25,200,229"
JPEG'd,$0.001203089196,0.6%,18.0%,31.8%,n/a,"$24,974,402"
AllianceBlock,$0.053949852027,0.0%,-0.1%,-8.6%,n/a,"$24,844,596"
STEPN Green Satoshi Token on Solana,$0.056623488268,-0.1%,-4.9%,-9.6%,n/a,"$24,842,475"
STEPN Green Satoshi Token on ETH,$0.855191,-1.6%,-12.2%,-55.2%,n/a,"$24,838,139"
ICHI,$5.03,-0.1%,-0.3%,-9.9%,n/a,"$24,763,656"
Streamr XDATA,$0.035556277137,-0.3%,-1.2%,-6.8%,n/a,"$24,645,598"
Aion,$0.048008187591,0.1%,5.5%,10.9%,n/a,"$24,562,364"
MATH,$0.158723,-0.5%,-0.8%,-4.5%,n/a,"$24,559,988"
smARTOFGIVING,$0.376495,0.0%,0.7%,1.4%,n/a,"$24,488,102"
Tomb,$0.078740402088,-0.8%,-1.4%,-32.0%,n/a,"$24,270,642"
Auto,$326.04,0.8%,2.9%,-5.9%,n/a,"$24,242,468"
DigixDAO,$328.40,0.1%,64.0%,73477589747.6%,n/a,"$24,185,451"
PARSIQ,$0.140587,-0.4%,-0.7%,-11.1%,n/a,"$24,151,728"
Goldfinch,$1.10,-0.4%,-4.1%,-9.0%,n/a,"$24,121,317"
Nominex,$0.482188,0.7%,-4.8%,10.3%,n/a,"$23,788,833"
Velo,$0.019419922368,0.8%,1.4%,-7.4%,n/a,"$23,787,522"
Gods Unchained,$0.398343,0.0%,1.4%,-4.3%,n/a,"$23,756,399"
GensoKishi Metaverse,$0.199056,1.5%,-2.5%,-2.2%,n/a,"$23,597,877"
Newscrypto Coin,$0.161299,2.2%,7.1%,155.3%,n/a,"$23,555,700"
Alethea Artificial Liquid Intelligence,$0.015161895307,0.6%,-1.6%,-20.5%,n/a,"$23,447,076"
Stake DAO,$0.600418,0.8%,1.6%,-12.9%,n/a,"$23,334,422"
DerivaDAO,$0.882456,-0.5%,-1.0%,-2.4%,n/a,"$23,233,062"
Frontier,$0.262896,-0.2%,-1.8%,-8.5%,n/a,"$22,974,481"
Kin,$0.000012100972,1.6%,-2.4%,6.8%,n/a,"$22,835,887"
AssetMantle,$0.121616,-0.1%,25.5%,28.7%,n/a,"$22,796,683"
3X Long Ethereum Token,$15.63,0.5%,6.2%,0.0%,n/a,"$22,699,669"
Tokocrypto,$0.302566,-0.6%,-1.7%,-11.2%,n/a,"$22,688,451"
SingularityDAO,$0.416421,-1.9%,-1.4%,-2.2%,n/a,"$22,641,063"
e-Money,$0.345978,-0.1%,-5.3%,-26.7%,n/a,"$22,566,355"
FC Barcelona Fan Token,$7.63,2.8%,22.8%,33.9%,n/a,"$22,330,291"
Stafi,$0.395945,-0.3%,-2.4%,-8.3%,n/a,"$22,293,779"
Pundi X [OLD],$0.000094208079,-0.1%,-20.6%,64.1%,n/a,"$22,251,251"
Reflexer Ungovernance,$41.04,0.4%,-1.9%,-21.3%,n/a,"$22,229,289"
The Virtua Kolect,$0.050903778228,0.0%,-0.4%,-16.8%,n/a,"$22,090,831"
Router Protocol,$2.76,-4.2%,-8.2%,-29.6%,n/a,"$21,931,870"
Sipher,$0.235891,-0.1%,4.1%,3.1%,n/a,"$21,874,075"
Octus Bridge,$3.73,-1.1%,-2.4%,-14.0%,n/a,"$21,833,858"
BEAM,$0.180442,0.4%,1.7%,-11.2%,n/a,"$21,826,829"
Crypto Gladiator Shards,$0.022690011318,-0.1%,-3.9%,-4.2%,n/a,"$21,775,665"
Nuls,$0.220441,0.2%,-2.5%,-15.8%,n/a,"$21,774,783"
DXdao,$447.59,-1.1%,-0.4%,-1.1%,n/a,"$21,771,364"
SOLVE,$0.044255998373,-0.2%,-0.7%,-0.4%,n/a,"$21,684,920"
Sperax,$0.017106828724,-1.4%,-7.2%,244.7%,n/a,"$21,608,149"
X2Y2,$0.182969,0.3%,2.6%,-2.8%,n/a,"$21,486,079"
MUX Protocol,$4.44,0.1%,1.3%,-10.6%,n/a,"$21,325,579"
KI,$0.087546409875,-0.1%,-0.8%,0.5%,n/a,"$21,287,223"
Bytom,$0.011945351129,0.8%,2.4%,-6.7%,n/a,"$21,064,813"
Gari Network,$0.099130380709,2.3%,22.5%,23.6%,n/a,"$20,959,464"
Bitcoin Pro,$162.22,0.1%,-18.0%,-17.8%,n/a,"$20,909,814"
SnowBlossom,$1.92,-0.1%,0.1%,,n/a,"$20,901,100"
Energi,$0.380954,0.6%,-1.5%,-7.3%,n/a,"$20,871,365"
Ovr,$0.752294,-0.1%,-1.4%,-2.8%,n/a,"$20,838,695"
Rupiah,$0.000067334326,-0.1%,-0.5%,-0.0%,n/a,"$20,790,836"
FEG BSC,$0.000000000491,-0.7%,-0.0%,-6.4%,n/a,"$20,545,593"
Lattice,$0.640192,-0.9%,-3.9%,-14.9%,n/a,"$20,516,530"
THORSwap,$0.244594,0.1%,-4.8%,-13.5%,n/a,"$20,498,501"
Qmall,$0.720509,-5.6%,11.5%,5.7%,n/a,"$20,382,485"
LockTrip,$1.22,-0.2%,-0.2%,1.0%,n/a,"$20,250,412"
GuildFi,$0.231255,-0.1%,-0.3%,-7.9%,n/a,"$20,177,894"
Orca,$0.944077,-1.3%,-3.0%,-3.2%,n/a,"$19,951,961"
UXD Stablecoin,$0.999632,-0.1%,-0.1%,0.2%,n/a,"$19,891,673"
Fuse,$0.109764,-0.2%,-0.3%,-9.0%,n/a,"$19,875,528"
Morpheus Network,$0.536210,1.1%,2.9%,1.9%,n/a,"$19,857,716"
Vai,$0.937210,-0.1%,0.2%,-0.5%,n/a,"$19,848,837"
DeFi Kingdoms,$0.186434,-1.1%,-0.9%,3.4%,n/a,"$19,832,275"
Omax,$0.002044433022,-0.4%,3.8%,3.7%,n/a,"$19,794,524"
Verus Coin,$0.283157,-1.7%,-8.3%,-24.5%,n/a,"$19,621,698"
Pluton,$9.54,-0.4%,0.7%,11.4%,n/a,"$19,613,849"
Time New Bank,$0.005681761176,-0.0%,0.6%,-2.1%,n/a,"$19,559,800"
Aurory,$2.06,-0.1%,-0.3%,-0.3%,n/a,"$19,547,402"
Dvision Network,$0.079366651818,-0.2%,-0.6%,-13.5%,n/a,"$19,488,612"
DeXe,$3.52,0.9%,0.8%,-16.2%,n/a,"$19,423,800"
ApolloX,$0.047738516143,-0.5%,-0.5%,-4.0%,n/a,"$19,376,845"
SIX Network,$0.070543100732,-0.2%,-2.3%,-6.0%,n/a,"$19,346,273"
GridPlus [OLD],$0.492879,-0.4%,-0.1%,-13.4%,n/a,"$19,337,307"
AXEL,$0.175755,-0.3%,0.1%,0.6%,n/a,"$19,278,112"
RFOX,$0.011988188671,-0.2%,-2.7%,-1.6%,n/a,"$19,195,831"
FEG,$0.000000000460,-1.6%,-1.8%,-5.1%,n/a,"$18,852,182"
BOSAGORA,$0.059836728349,-0.1%,-0.6%,-7.3%,n/a,"$18,804,446"
BigShortBets,$1.97,-0.3%,1.2%,11.3%,n/a,"$18,728,178"
Phonon DAO,$0.003049080147,-0.2%,-8.8%,-15.3%,n/a,"$18,644,178"
Qi Dao,$0.220971,-0.7%,-1.8%,-10.2%,n/a,"$18,532,719"
Inverse Finance,$112.25,-0.2%,-1.5%,-9.9%,n/a,"$18,514,598"
Yuan Chain Coin,$0.003703865895,3.6%,8.7%,-6.2%,n/a,"$18,488,762"
Fruits of Ryoshi,$0.000000018430,-0.7%,-5.5%,,n/a,"$18,432,202"
Tornado Cash,$12.16,2.1%,1.8%,-33.2%,n/a,"$18,386,844"
Juventus Fan Token,$6.78,4.4%,21.9%,24.8%,n/a,"$18,335,203"
Netvrk,$0.438897,-1.2%,-13.1%,-23.2%,n/a,"$18,333,847"
Measurable Data,$0.030192856677,-0.5%,-0.4%,-8.9%,n/a,"$18,285,571"
Shiden Network,$0.332385,-1.0%,4.6%,-7.4%,n/a,"$18,265,367"
WaykiChain,$0.085682249769,-1.3%,1.3%,-8.8%,n/a,"$18,036,647"
VitaDAO,$1.09,-0.0%,1.6%,-14.2%,n/a,"$18,029,509"
Instadapp,$0.994227,-0.3%,-11.2%,-14.6%,n/a,"$17,974,948"
Defigram,$1.75,-0.3%,-43.8%,-5.4%,n/a,"$17,944,859"
HOPR,$0.081591710317,-0.7%,0.9%,-5.6%,n/a,"$17,942,447"
XELS,$2.74,0.0%,6.8%,8.6%,n/a,"$17,861,619"
RadioShack,$0.007339552174,-0.2%,3.9%,-3.3%,n/a,"$17,841,439"
PEAKDEFI,$0.013111072454,0.6%,-5.4%,-7.1%,n/a,"$17,839,828"
Law Blocks,$0.237607,-0.2%,24.4%,9.9%,n/a,"$17,824,005"
FUSION,$0.245851,0.1%,-8.7%,-17.6%,n/a,"$17,818,892"
Zenon,$2.09,-1.0%,-2.5%,-5.5%,n/a,"$17,758,579"
MMFinance (Cronos),$0.045301586107,0.1%,1.6%,-34.0%,n/a,"$17,754,721"
Trustswap,$0.226473,-0.2%,-4.0%,-14.9%,n/a,"$17,727,226"
KRYLL,$0.457990,0.1%,-1.2%,-2.3%,n/a,"$17,571,515"
Woonkly Power,$0.041667599505,-1.1%,-1.3%,-11.0%,n/a,"$17,555,256"
NFTX,$41.61,-0.1%,7.7%,39.4%,n/a,"$17,503,422"
Quantstamp,$0.024054633968,11.7%,-30.1%,21.6%,n/a,"$17,352,632"
dForce,$0.040617094718,-0.2%,-0.5%,-11.3%,n/a,"$17,334,912"
Starcoin,$0.060553539138,1.6%,22.0%,61.4%,n/a,"$17,327,465"
Taboo,$0.001758252411,-0.1%,-6.7%,-5.2%,n/a,"$17,217,635"
Opulous,$0.154482,10.3%,28.6%,37.9%,n/a,"$17,209,355"
Tokenlon,$0.670647,1.6%,2.6%,-7.1%,n/a,"$17,050,628"
TOR,$0.995363,-0.3%,0.1%,-0.1%,n/a,"$16,997,126"
Alkimi,$0.168281,-1.5%,-4.2%,-39.0%,n/a,"$16,918,636"
MMFinance (Polygon),$1.07,-1.1%,23.2%,,n/a,"$16,912,736"
AirSwap,$0.097997002980,0.4%,1.0%,-5.2%,n/a,"$16,788,179"
Tectonic,$0.000000172646,0.1%,-0.8%,3.9%,n/a,"$16,752,060"
New BitShares,$0.005327485015,-0.5%,0.1%,-2.6%,n/a,"$16,557,288"
Kleros,$0.031641141021,-0.1%,1.6%,-11.6%,n/a,"$16,555,559"
Cryptostone,$0.001730518144,-0.6%,1.9%,-38.6%,n/a,"$16,417,977"
DexTools,$0.154380,-0.1%,-2.6%,-10.2%,n/a,"$16,379,015"
Vectorspace AI,$0.430289,0.7%,-0.0%,-9.7%,n/a,"$16,350,456"
MovieBloc,$0.004621913529,-0.2%,0.4%,-6.2%,n/a,"$16,324,997"
Ultiledger,$0.008553515503,3.5%,-8.4%,0.2%,n/a,"$16,324,012"
Dexlab,$0.099047216784,6.8%,20.4%,-7.3%,n/a,"$16,270,750"
hi Dollar,$0.053207169679,-0.6%,0.3%,4.0%,n/a,"$16,238,615"
Badger Interest Bearing Bitcoin,"$24,818.16",?,?,?,n/a,"$16,194,845"
Advertise Coin,$0.358486,-0.2%,-0.1%,0.0%,n/a,"$16,131,865"
Mancium,$1.59,-2.1%,5.9%,113.7%,n/a,"$16,110,212"
Jade Protocol,$17.04,-0.0%,-2.1%,-8.9%,n/a,"$16,106,968"
ZKSpace,$0.071582192908,-0.6%,-2.6%,-22.6%,n/a,"$16,048,853"
Star Atlas,$0.007328293895,0.2%,-0.4%,-7.4%,n/a,"$15,824,506"
Bostrom,$0.000000042075,0.2%,3.4%,3.3%,n/a,"$15,789,195"
Sylo,$0.003993651579,0.3%,-3.1%,-1.7%,n/a,"$15,760,190"
veCRV-DAO yVault,$1.03,0.1%,-1.4%,-2.1%,n/a,"$15,690,967"
ApeSwap,$0.108047,-0.6%,-6.2%,-5.8%,n/a,"$15,591,920"
Rai Reflex Index,$2.92,-0.1%,0.2%,-0.4%,n/a,"$15,580,493"
xFund,"$1,759.99",0.8%,2.2%,87.4%,n/a,"$15,541,566"
Mithril,$0.024942492527,0.2%,-1.2%,-12.0%,n/a,"$15,430,850"
Nimiq,$0.001590868650,-0.3%,-0.2%,-4.5%,n/a,"$15,420,582"
DeFiAI,$0.007850646307,-1.7%,-3.2%,3.9%,n/a,"$15,420,248"
Polkadex,$2.04,-1.2%,-2.0%,5.0%,n/a,"$15,250,126"
Gifto,$0.022938012192,-0.1%,0.6%,-8.2%,n/a,"$15,162,611"
Vires Finance,$26.00,-1.2%,0.1%,-6.6%,n/a,"$15,130,818"
Metronome,$1.21,0.3%,0.4%,2.1%,n/a,"$15,121,855"
Adappter,$0.016481801944,-0.7%,-2.7%,-12.1%,n/a,"$15,088,964"
Solend,$0.666332,-0.6%,-0.8%,-4.0%,n/a,"$15,016,026"
Index Cooperative,$3.33,1.6%,4.1%,10.1%,n/a,"$15,009,335"
YIELD App,$0.082284866315,0.8%,1.1%,-0.1%,n/a,"$14,964,587"
JET,$0.094407831514,-0.1%,-0.5%,-11.2%,n/a,"$14,776,768"
Atlas USV,$142.94,1.4%,2.7%,-6.0%,n/a,"$14,630,019"
SX Network,$0.183156,0.3%,3.3%,-11.2%,n/a,"$14,577,602"
BTU Protocol,$0.181825,-0.2%,0.0%,-0.1%,n/a,"$14,544,730"
pNetwork,$0.279503,-0.0%,-3.4%,-19.1%,n/a,"$14,521,212"
Oxen,$0.243376,-0.5%,0.5%,0.5%,n/a,"$14,500,774"
Walken,$0.080378799123,-0.1%,-3.7%,-13.4%,n/a,"$14,438,560"
TOKPIE,$0.181559,-0.0%,2.9%,20.6%,n/a,"$14,375,358"
VIDT Datalink,$0.310607,-0.5%,-1.3%,-9.2%,n/a,"$14,365,502"
Darwinia Network,$0.008442444462,0.6%,0.4%,1.0%,n/a,"$14,334,995"
WHALE,$1.64,-0.3%,-0.7%,-6.7%,n/a,"$14,319,737"
Arcblock,$0.143992,-2.2%,-3.4%,-20.9%,n/a,"$14,302,329"
Cream,$18.66,-0.2%,-2.7%,-10.9%,n/a,"$14,299,586"
Wirex,$0.006145478608,-0.3%,-2.5%,-11.3%,n/a,"$14,142,821"
Hiblocks,$0.001300913868,-0.7%,-10.1%,-2.2%,n/a,"$14,135,380"
CoW Protocol,$0.130076,-0.4%,0.8%,-11.3%,n/a,"$14,037,899"
OpenDAO,$0.000000351379,0.0%,-1.2%,2.0%,n/a,"$14,019,896"
Popcorn,$0.666665,-0.1%,-2.6%,-10.8%,n/a,"$13,944,396"
Apollo,$0.000954791440,1.0%,15.6%,-11.0%,n/a,"$13,944,121"
Rich,$0.033024981831,-0.7%,3.3%,6.1%,n/a,"$13,855,941"
NMKR,$0.007316991323,0.1%,-2.9%,-11.2%,n/a,"$13,801,537"
Revolution Populi,$0.011479976372,-0.5%,-1.0%,-6.2%,n/a,"$13,785,125"
BNS Token [OLD],$0.032954282560,3957.2%,4319.4%,4.0%,n/a,"$13,750,244"
Obyte,$16.73,-0.1%,-0.1%,1.0%,n/a,"$13,679,502"
Global Coin Research,$1.36,0.1%,-15.0%,-15.3%,n/a,"$13,627,578"
Voxies,$0.375116,0.4%,-3.4%,-13.6%,n/a,"$13,532,106"
Argentine Football Association Fan Token,$4.83,0.5%,4.0%,32.3%,n/a,"$13,411,344"
UniLend Finance,$0.215171,0.5%,-1.1%,-9.7%,n/a,"$13,385,237"
MAPS,$0.178008,0.0%,-0.9%,-7.1%,n/a,"$13,369,333"
FLEX Coin,$0.135419,-0.2%,-0.2%,-20.3%,n/a,"$13,358,084"
Crypterium,$0.157250,-0.5%,-0.4%,-5.2%,n/a,"$13,322,504"
Avalaunch,$0.482892,-0.9%,-3.6%,-19.1%,n/a,"$13,321,816"
LBRY Credits,$0.020280525937,2.7%,1.2%,-4.1%,n/a,"$13,309,308"
Civilization,$0.044548784095,0.0%,-3.8%,-11.4%,n/a,"$13,288,626"
BSCPAD,$0.166431,-0.8%,-9.1%,-11.3%,n/a,"$13,223,838"
Altura,$0.021398044957,-1.6%,-6.4%,-31.7%,n/a,"$13,219,987"
Cryptex Finance,$3.92,-0.9%,-2.5%,-5.8%,n/a,"$13,213,314"
Interest Compounding ETH Index,"$1,735.37",0.0%,2.2%,3.4%,n/a,"$13,194,049"
SwapXI,$0.627446,?,?,?,n/a,"$13,176,359"
Dash Diamond,$0.060952434826,-5.1%,-3.8%,-35.2%,n/a,"$13,114,888"
EDEN,$0.116346,-0.3%,-3.2%,-9.4%,n/a,"$13,087,029"
ScPrime,$0.258751,3.1%,2.5%,-2.6%,n/a,"$13,071,459"
Saddle Finance,$0.036094559440,14.8%,0.7%,-24.4%,n/a,"$12,996,035"
Sovryn,$0.574377,1.2%,1.5%,-1.0%,n/a,"$12,917,317"
StorX,$0.041469270568,-0.0%,10.3%,11.7%,n/a,"$12,811,534"
TE-FOOD,$0.022157818895,1.4%,-1.4%,-20.1%,n/a,"$12,809,531"
Silent Notary,$0.000080133958,-0.8%,9.6%,3.3%,n/a,"$12,785,745"
Town Star,$0.033473830407,-0.4%,4.7%,38.6%,n/a,"$12,767,211"
NAGA,$0.163043,0.8%,0.1%,-26.2%,n/a,"$12,670,505"
OG Fan Token,$8.49,19.6%,48.5%,32.7%,n/a,"$12,660,069"
BEPRO Network,$0.001416505270,-0.5%,1.4%,-4.6%,n/a,"$12,626,766"
SWFTCOIN,$0.001921877699,-1.2%,-5.8%,-10.3%,n/a,"$12,592,179"
Rhino.fi,$1.04,-0.6%,-2.9%,-4.4%,n/a,"$12,574,037"
Gamium,$0.001427300211,2.1%,3.8%,-0.2%,n/a,"$12,537,579"
ForTube,$0.022071960460,-0.1%,1.5%,-9.9%,n/a,"$12,440,502"
TrustPad,$0.139162,-0.6%,6.0%,17.0%,n/a,"$12,413,436"
Thales,$0.536024,-0.1%,-1.2%,-5.4%,n/a,"$12,392,636"
Aventus,$1.45,0.7%,1.2%,-4.7%,n/a,"$12,390,494"
VeraOne,$57.07,-0.1%,3.5%,-7.2%,n/a,"$12,293,813"
Shyft Network,$0.025707322209,1.7%,0.9%,3.0%,n/a,"$12,281,551"
Carbon Protocol,$0.007090335469,-0.1%,1.2%,2.9%,n/a,"$12,237,871"
VEED,$0.002184919547,-1.5%,2.4%,1.3%,n/a,"$12,229,116"
Media Licensing,$0.130828,-4.1%,2.1%,-25.3%,n/a,"$12,214,317"
Numbers Protocol,$0.065299944359,0.0%,0.7%,20.5%,n/a,"$12,159,980"
Peercoin,$0.432917,-1.4%,-0.2%,4.2%,n/a,"$12,117,800"
Jupiter,$0.012097040943,-0.7%,-0.3%,-8.2%,n/a,"$12,097,451"
Neblio,$0.620432,-0.8%,-3.7%,-24.3%,n/a,"$12,036,227"
Quantum Resistant Ledger,$0.155888,-4.0%,7.7%,-1.1%,n/a,"$12,004,752"
Hotbit,$0.015495260162,,0.7%,-23.9%,n/a,"$11,995,702"
Rainicorn,$0.024431785308,-0.5%,-2.4%,-4.1%,n/a,"$11,948,026"
Dego Finance,$2.19,0.0%,0.7%,-11.7%,n/a,"$11,873,770"
Undead Blocks,$0.784153,3.1%,-12.3%,-4.3%,n/a,"$11,855,057"
XDEFI,$0.172927,-0.0%,-0.3%,0.7%,n/a,"$11,805,511"
Krypton DAO,$0.312430,62.6%,-1.2%,-10.5%,n/a,"$11,755,391"
Ternoa,$0.014989244436,-0.3%,-4.1%,-7.8%,n/a,"$11,739,884"
Solanium,$0.119978,-1.1%,1.4%,9.4%,n/a,"$11,719,347"
Frax Price Index Share,$1.10,-0.5%,-2.2%,-12.1%,n/a,"$11,667,072"
Dollars,$2.41,0.1%,2.8%,-0.7%,n/a,"$11,632,107"
PIVX,$0.166409,-0.1%,0.9%,-1.8%,n/a,"$11,627,687"
PowerPool Concentrated Voting Power,$0.384338,-0.4%,0.2%,-12.8%,n/a,"$11,608,828"
Crust Network,$0.870695,-0.6%,-4.6%,-3.6%,n/a,"$11,527,307"
Lossless,$0.200352,-0.2%,-2.5%,-16.7%,n/a,"$11,517,484"
GoChain,$0.009693592124,-0.6%,-2.0%,-5.7%,n/a,"$11,507,709"
Vertcoin,$0.177178,-1.3%,-4.0%,11.2%,n/a,"$11,504,983"
Ariva,$0.000158223486,-0.7%,2.0%,0.2%,n/a,"$11,484,413"
DeRace,$0.313558,0.4%,-0.0%,-19.4%,n/a,"$11,470,793"
SUKU,$0.096109644098,0.2%,-1.0%,-10.0%,n/a,"$11,456,551"
ELYSIA,$0.003591082845,1.6%,-2.8%,-24.4%,n/a,"$11,453,009"
Delta Exchange,$0.130617,0.1%,-0.4%,-4.0%,n/a,"$11,407,170"
DeFi Land,$0.005333925757,-0.3%,2.4%,0.5%,n/a,"$11,389,316"
PointPay,$0.025281263784,-0.2%,-1.5%,-17.6%,n/a,"$11,385,508"
Tomb Shares,$291.04,-0.0%,-2.1%,-33.9%,n/a,"$11,351,929"
PolkaBridge,$0.173474,-1.2%,10.1%,74.7%,n/a,"$11,320,277"
HEdpAY,$0.169725,-0.1%,2.0%,27.5%,n/a,"$11,266,949"
REVV,$0.019892484829,-0.1%,-2.3%,-4.9%,n/a,"$11,197,263"
Sandclock,$3.83,-0.5%,0.7%,-16.0%,n/a,"$11,180,502"
The Doge NFT,$0.001293617454,0.4%,3.7%,4.9%,n/a,"$11,167,040"
Unisocks,"$37,059.56",0.1%,8.4%,-2.4%,n/a,"$11,138,234"
Counterparty,$4.16,-1.6%,-8.2%,-6.9%,n/a,"$11,110,812"
Carbon Credit,$0.598368,-0.2%,0.8%,-0.7%,n/a,"$11,110,199"
Inter Milan Fan Token,$3.70,1.1%,6.0%,5.4%,n/a,"$11,105,570"
Peony Coin,$0.034607425065,-2.3%,-2.1%,-35.3%,n/a,"$11,091,786"
Oxygen,$0.054747836284,-0.3%,0.2%,-4.1%,n/a,"$11,083,469"
Muse DAO,$10.84,-8.1%,19.2%,0.2%,n/a,"$11,064,809"
Rubic,$0.099745701517,0.2%,1.8%,-14.5%,n/a,"$11,064,286"
sEUR,$1.02,-0.3%,-0.6%,0.7%,n/a,"$11,050,039"
FOAM,$0.031017590640,,0.8%,-1.9%,n/a,"$11,022,564"
Sentinel,$0.001011116675,-0.0%,4.2%,7.9%,n/a,"$11,020,214"
Neos Credits,$0.269264,-0.4%,-6.5%,2.9%,n/a,"$10,984,922"
UniCrypt,$302.38,-1.3%,-0.5%,-3.5%,n/a,"$10,944,414"
Smart Valor,$0.401076,2.7%,-0.1%,1.1%,n/a,"$10,933,766"
Impossible Finance Launchpad,$0.184629,-0.1%,-0.6%,-6.0%,n/a,"$10,931,718"
Portugal National Team Fan Token,$5.40,-0.2%,9.6%,82.2%,n/a,"$10,880,665"
Swash,$0.029396602349,0.3%,-0.4%,29.6%,n/a,"$10,877,169"
Sifchain,$0.005595394172,0.3%,0.2%,-14.7%,n/a,"$10,823,425"
AS Roma Fan Token,$5.00,6.5%,26.9%,22.9%,n/a,"$10,812,059"
SideShift,$0.115436,-0.3%,0.4%,-3.2%,n/a,"$10,654,224"
GameZone,$0.025954061583,-0.7%,-1.9%,0.1%,n/a,"$10,636,470"
GamerCoin,$0.025160909427,-0.8%,2.2%,0.1%,n/a,"$10,602,998"
Edgeware,$0.001496888916,-0.1%,3.8%,-6.7%,n/a,"$10,416,513"
Chainge Finance,$0.049242567915,0.3%,1.3%,-15.5%,n/a,"$10,404,781"
BoringDAO,$0.010265176453,0.1%,0.5%,-5.1%,n/a,"$10,378,073"
cLINK,$0.163635,0.0%,0.6%,-10.3%,n/a,"$10,366,178"
THORChain (ERC20),$2.27,-1.1%,-3.1%,-17.0%,n/a,"$10,362,836"
Cellframe,$0.357083,-0.2%,-3.8%,-27.7%,n/a,"$10,343,225"
Bridge$,$0.146509,?,?,?,n/a,"$10,334,842"
OpenOcean,$0.035445527072,-0.6%,-1.9%,-6.5%,n/a,"$10,329,350"
RSS3,$0.111423,-0.5%,6.8%,-14.7%,n/a,"$10,281,519"
Invictus,$38.03,?,?,?,n/a,"$10,266,737"
Chain Games,$0.036382736088,-0.8%,-2.9%,-13.8%,n/a,"$10,250,712"
FlatQube,$9.44,-1.3%,-2.9%,-18.4%,n/a,"$10,240,758"
Star Atlas DAO,$0.472849,-2.7%,-3.1%,-20.4%,n/a,"$10,232,228"
Reddcoin,$0.000328863321,0.2%,-1.2%,-5.2%,n/a,"$10,229,089"
Aurox,$22.48,-0.8%,-1.5%,-13.8%,n/a,"$10,225,526"
Z7DAO,$0.120337,-0.2%,3.5%,41.1%,n/a,"$10,221,605"
PKT,$0.002842466934,-1.9%,-3.9%,80.7%,n/a,"$10,211,714"
Silo Finance,$0.065461823150,1.7%,7.6%,42.4%,n/a,"$10,210,608"
Arsenal Fan Token,$2.24,2.1%,8.3%,15.4%,n/a,"$10,190,148"
Epic Cash,$0.688005,-0.6%,-7.6%,-12.5%,n/a,"$10,172,633"
ParagonsDAO,$0.081076084271,-0.8%,4.2%,15.5%,n/a,"$10,130,220"
Vivid Labs,$0.061147530058,0.1%,0.7%,-5.6%,n/a,"$10,113,807"
Panther Protocol,$0.051309136028,1.1%,-1.3%,-17.9%,n/a,"$10,109,639"
Unizen,$0.181333,-6.5%,18.1%,-21.2%,n/a,"$10,080,106"
BUX,$0.154913,-1.0%,1.1%,16.1%,n/a,"$10,062,932"
Step Finance,$0.041085448337,0.2%,-0.3%,0.6%,n/a,"$10,031,452"
AC Milan Fan Token,$5.06,1.0%,22.1%,24.8%,n/a,"$10,027,118"
Arianee,$0.371484,0.1%,5.4%,-0.8%,n/a,"$9,936,185"
Hacken HAI,$0.020060024972,-0.1%,-1.5%,0.5%,n/a,"$9,929,996"
QASH,$0.012158312607,-13.3%,65.3%,-74.4%,n/a,"$9,914,418"
Kripto,$0.001570102906,-17.1%,-0.5%,84.5%,n/a,"$9,829,879"
TiFi,$0.000000106030,-7.7%,-17.0%,-52.5%,n/a,"$9,827,574"
Premia,$0.923260,-0.4%,-3.5%,-24.9%,n/a,"$9,806,436"
Revolt 2 Earn,$0.000000160895,1.3%,1.6%,-33.3%,n/a,"$9,798,670"
Mysterium,$0.301353,-0.0%,0.1%,-16.7%,n/a,"$9,778,043"
Birake,$0.088807865924,-0.3%,0.1%,-0.3%,n/a,"$9,755,062"
Validity,$2.09,-2.0%,4.0%,1.7%,n/a,"$9,725,945"
Callisto Network,$0.003021865688,0.3%,1.0%,10.2%,n/a,"$9,703,715"
Market Making Pro,$0.105001,-1.9%,16.2%,16.3%,n/a,"$9,699,133"
Scallop,$0.242290,1.5%,-1.5%,-13.7%,n/a,"$9,644,340"
BreederDAO,$0.119766,-0.3%,1.2%,-5.1%,n/a,"$9,614,694"
Socean Staked Sol,$43.66,-0.6%,-1.1%,-2.0%,n/a,"$9,576,562"
Dfyn Network,$0.068989898690,-0.6%,-0.2%,26.7%,n/a,"$9,574,148"
Mimo Governance,$0.019945915980,0.0%,-2.6%,-3.5%,n/a,"$9,559,973"
Battle World,$0.216214,2.0%,-2.9%,-26.1%,n/a,"$9,493,419"
Reimagined Finance,$0.009470715994,0.1%,4.4%,-22.6%,n/a,"$9,479,480"
Wasder,$0.027379736614,-0.7%,18.7%,19.7%,n/a,"$9,471,480"
Affyn,$0.046778272245,1.4%,-1.2%,-22.8%,n/a,"$9,432,459"
Galatasaray Fan Token,$2.65,1.7%,4.2%,-1.2%,n/a,"$9,419,769"
Enjinstarter,$0.003508914096,-2.1%,6.5%,-1.9%,n/a,"$9,399,231"
Era Swap,$0.006246083933,-0.2%,1.1%,-3.4%,n/a,"$9,393,575"
WaultSwap,$0.001244320982,-0.1%,9817.7%,10344.5%,n/a,"$9,360,211"
Troy,$0.004883597164,-1.9%,3.9%,-7.6%,n/a,"$9,310,061"
Position,$0.152889,-1.0%,-2.0%,-1.5%,n/a,"$9,302,328"
OccamFi,$0.375467,-0.1%,5.6%,-4.3%,n/a,"$9,293,173"
Cosplay Token,$0.025896135629,1.3%,0.6%,-14.6%,n/a,"$9,292,996"
Cirus,$0.150100,-0.4%,2.4%,-9.1%,n/a,"$9,260,054"
Pocketcoin,$0.810278,-0.7%,-2.2%,-1.9%,n/a,"$9,259,839"
Mute,$0.295859,-1.2%,3.8%,-3.9%,n/a,"$9,247,819"
governance ZIL,$16.47,-0.2%,1.1%,4.1%,n/a,"$9,221,957"
Earthcoin,$0.000717037405,-0.8%,0.5%,7.6%,n/a,"$9,218,893"
Wonderland,$10.34,-0.6%,-1.3%,-10.1%,n/a,"$9,168,056"
Shiryo,$0.000000000010,6.8%,-2.4%,-18.7%,n/a,"$9,128,918"
Banano,$0.006620566086,-0.3%,-0.1%,-9.9%,n/a,"$9,117,179"
MBD Financials,$0.000595864882,1.1%,-1.4%,-40.7%,n/a,"$9,068,893"
DEUS Finance,$74.78,-1.6%,78.2%,114.6%,n/a,"$9,064,127"
Retreeb,$0.020120630771,-1.1%,-1.9%,-34.9%,n/a,"$9,056,899"
Comdex,$0.222394,0.1%,2.6%,-14.8%,n/a,"$9,049,782"
STAKE,$4.89,-3.3%,-3.0%,-0.9%,n/a,"$9,041,653"
Dora Factory,$2.49,-0.1%,0.2%,-11.1%,n/a,"$8,978,881"
Aladdin DAO,$0.067578219020,-0.2%,-0.5%,-7.6%,n/a,"$8,908,122"
SpiceUSD,$0.962060,-0.4%,7.3%,3.3%,n/a,"$8,854,920"
ProximaX,$0.001348490764,-1.4%,6.1%,-0.9%,n/a,"$8,813,571"
Cap,$87.81,0.6%,3.3%,-35.6%,n/a,"$8,773,135"
Permission Coin,$0.000541729319,-0.3%,0.5%,-2.9%,n/a,"$8,759,957"
ParaSwap,$0.021259168902,0.0%,-0.3%,-7.6%,n/a,"$8,728,831"
Santiment Network,$0.134748,0.2%,-17.8%,-20.9%,n/a,"$8,631,872"
Ref Finance,$0.464567,-0.1%,0.9%,-20.3%,n/a,"$8,617,253"
Monavale,$824.17,2.0%,6.3%,-10.2%,n/a,"$8,612,827"
Quadrant Protocol,$0.015841675635,0.3%,2.1%,-2.5%,n/a,"$8,602,669"
Cola,$0.128217,0.7%,-0.8%,-24.4%,n/a,"$8,579,892"
Oath,$0.087575080219,-0.0%,-1.0%,-9.2%,n/a,"$8,494,267"
Guild of Guardians,$0.175856,0.1%,2.8%,-5.0%,n/a,"$8,484,021"
Steam Exchange,$0.000084166617,-1.1%,-1.4%,0.6%,n/a,"$8,462,568"
Crypto Unicorns Rainbow,$0.112542,-0.3%,1.3%,-14.5%,n/a,"$8,449,419"
DFX Finance,$0.482676,1.0%,1.5%,-5.3%,n/a,"$8,441,407"
Waltonchain,$0.288852,-0.5%,-0.9%,-2.7%,n/a,"$8,432,818"
